Name,Set code,Set name,Collector number,Foil,Rarity,Quantity,ManaBox ID,Scryfall ID,Purchase price,Misprint,Altered,Signed,Condition,Language,Proxy,Purchase price currency,Added
Comforting Counsel,SOS,Secrets of Strixhaven,143,normal,rare,1,112612,5223a04f-6b47-4379-80ce-8489c4a91734,0.32,false,false,false,near_mint,en,false,USD,2026-09-26T08:25:56.832Z
Slumbering Trudge,SOS,Secrets of Strixhaven,160,normal,rare,1,112335,3a925370-58ac-4181-9acc-db7b0e0abf17,0.34,false,false,false,near_mint,en,false,USD,2026-09-26T08:25:56.833Z
The Wondrous Wasp,MSH,Marvel Super Heroes,84,normal,rare,1,113675,484e80a4-1d5f-4c27-98a8-ee2ef9d6cbdc,1.11,false,false,false,near_mint,en,false,USD,2026-09-26T08:25:56.834Z
An Unexpected Party // At the Door,HOB,The Hobbit,29,normal,rare,1,112918,3aa29fe8-1687-486f-b4df-c04977869ab1,0.3,false,false,false,near_mint,en,false,USD,2026-09-26T08:25:56.835Z
"Glamdring, Foe-hammer // Gleam of Death",HOB,The Hobbit,174,normal,rare,1,115106,a5cfbfde-783e-46ca-b3cf-11f16209d6cb,0.73,false,false,false,near_mint,en,false,USD,2026-09-26T08:25:56.836Z
Getaway Barrel,HOB,The Hobbit,98,normal,rare,1,115092,e4819aa6-5d28-4a37-942d-89523e30c4e1,0.23,false,false,false,near_mint,en,false,USD,2026-09-26T08:25:56.837Z
Radagast of Rhosgobel,HOB,The Hobbit,136,normal,rare,1,115100,5741bbad-a6e4-45e0-b827-73f48c9975bf,2.31,false,false,false,near_mint,en,false,USD,2026-09-26T08:25:56.838Z
Elven Passage,HOB,The Hobbit,181,normal,rare,1,115089,dd1fd2ab-2565-4798-a832-fc849df82f74,0.56,false,false,false,near_mint,en,false,USD,2026-09-26T08:25:56.839Z
Along the Crooked Way,HOB,The Hobbit,60,normal,rare,1,115099,3696d65c-fffd-4685-bb2d-e8769bf476e3,0.32,false,false,false,near_mint,en,false,USD,2026-09-26T08:25:56.840Z
Molten-Core Maestro,SOS,Secrets of Strixhaven,125,normal,rare,1,111697,326dfe32-3674-4a11-acd8-5ba62371235a,0.45,false,false,false,near_mint,en,false,USD,2026-09-26T08:25:56.841Z
Skycoach Conductor // All Aboard,SOS,Secrets of Strixhaven,67,normal,rare,1,112441,4ecbca71-9a1d-44c5-b709-d6f565941d5e,0.37,false,false,false,near_mint,en,false,USD,2026-09-26T08:25:56.842Z
Nighthowl Pursuer,HOB,The Hobbit,78,normal,uncommon,1,114959,d3cbe830-7e95-4019-89c4-cfb36bcf00f8,0.22,false,false,false,near_mint,en,false,USD,2026-09-26T08:25:56.843Z
Great Ugly-Looking Goblin // Clap! Snap!,HOB,The Hobbit,223,normal,uncommon,1,115027,7f63f810-15a8-4bec-bd39-dbca453bcc1e,0.33,false,false,false,near_mint,en,false,USD,2026-09-26T08:25:56.844Z
"Dori, Bearer of Friends",HOB,The Hobbit,94,normal,common,1,115087,d2f60ad0-c887-4585-85f8-afcf72fb80d0,0.15,false,false,false,near_mint,en,false,USD,2026-09-26T08:25:56.845Z
Dwarven Provisioner,HOB,The Hobbit,9,normal,common,2,115144,1f9a61a1-454e-4d5b-a6dd-1a79fe9dedf3,0.07,false,false,false,near_mint,en,false,USD,2026-09-26T08:25:56.847Z
Thorin Oakenshield,HOB,The Hobbit,165,normal,uncommon,1,114841,c7e18609-d1ed-4829-be11-f2ce2cfcbc49,0.27,false,false,false,near_mint,en,false,USD,2026-09-26T08:25:56.848Z
Front Porch Sentries,HOB,The Hobbit,67,normal,common,1,115094,07bfc803-e11b-47ab-9f25-0ace7e174200,0.1,false,false,false,near_mint,en,false,USD,2026-09-26T08:25:56.850Z
Hobbit Hole,HOB,The Hobbit,184,normal,common,1,115038,0365c439-30bf-4d32-a791-166751bdb996,0.17,false,false,false,near_mint,en,false,USD,2026-09-26T08:25:56.851Z
Old Thrush,HOB,The Hobbit,2,normal,common,1,115162,3ad02b56-13ec-46ef-92bd-ae078b8bb517,0.15,false,false,false,near_mint,en,false,USD,2026-09-26T08:25:56.852Z
Lake-town Lookout,HOB,The Hobbit,18,normal,common,1,115138,178c4cf6-6b11-40e4-9673-c560d6818a6b,0.13,false,false,false,near_mint,en,false,USD,2026-09-26T08:25:56.854Z
Iron Hills Blacksmith,HOB,The Hobbit,16,normal,uncommon,1,114894,370e09c2-36c5-4662-8350-1db798afad3e,0.22,false,false,false,near_mint,en,false,USD,2026-09-26T08:25:56.855Z
Well-Worn Spatula,HOB,The Hobbit,180,normal,common,1,115055,659b687f-4068-496f-81b2-7b606bf07ec1,0.16,false,false,false,near_mint,en,false,USD,2026-09-26T08:25:56.856Z
Stony-Voiced Goblins,HOB,The Hobbit,85,normal,common,1,115194,6fcc3699-b475-4612-884d-81bd4f21e9c1,0.16,false,false,false,near_mint,en,false,USD,2026-09-26T08:25:56.857Z
Crude Bent Blade,HOB,The Hobbit,63,normal,common,1,115116,fa8fd3c4-bd00-485d-80b1-2b67f5786fce,0.14,false,false,false,near_mint,en,false,USD,2026-09-26T08:25:56.859Z
Stir Up Trouble,HOB,The Hobbit,84,normal,common,1,115266,fd145e3a-c889-4390-accb-863dbcc845ce,0.13,false,false,false,near_mint,en,false,USD,2026-09-26T08:25:56.861Z
Veil of Summer,SOA,Secrets of Strixhaven Mystical Archive,60,normal,rare,1,112616,5724a4a3-dd66-4a66-af8b-5374119ecdfb,4.96,false,false,false,near_mint,en,false,USD,2026-09-26T08:25:56.862Z
Heroic Intervention,MAR,Marvel Universe,79,normal,mythic,1,110063,a51d8579-a99c-417b-ba71-7f2204ebea2a,10.34,false,false,false,near_mint,en,false,USD,2026-09-26T08:25:56.863Z
"Daredevil, Man Without Fear",MSH,Marvel Super Heroes,213,normal,rare,1,113327,14e821bb-55cc-474e-9b63-0ceecc2666c1,0.33,false,false,false,near_mint,en,false,USD,2026-09-26T08:25:56.864Z
"Blech, Loafing Pest",SOS,Secrets of Strixhaven,176,normal,rare,1,112713,f588fa50-7cc5-41ba-90df-2d252eb5c785,0.41,false,false,false,near_mint,en,false,USD,2026-09-26T08:25:56.865Z
"Wolverine, Fierce Fighter",MSH,Marvel Super Heroes,240,normal,rare,1,113257,c1c7aa22-51b0-45ee-9a8e-5493a1820d8c,0.35,false,false,false,near_mint,en,false,USD,2026-09-26T08:25:56.866Z
Follow the Lumarets,SOS,Secrets of Strixhaven,148,normal,common,3,112719,f9488480-2b6c-40bc-a93e-29fb1292a2e4,0.12,false,false,false,near_mint,en,false,USD,2026-09-26T08:25:56.867Z
Wander Off,SOS,Secrets of Strixhaven,104,normal,common,2,112597,3d409512-50b9-4a38-91b0-19ba25227992,0.15,false,false,false,near_mint,en,false,USD,2026-09-26T08:25:56.868Z
Dig Site Inventory,SOS,Secrets of Strixhaven,10,normal,common,2,112707,e52464ee-df8b-41ec-af93-4b0eb004383e,0.19,false,false,false,near_mint,en,false,USD,2026-09-26T08:25:56.869Z
Hydro-Channeler,SOS,Secrets of Strixhaven,54,normal,common,1,112563,099f8400-d70a-48ef-8ff6-645eae97e072,0.22,false,false,false,near_mint,en,false,USD,2026-09-26T08:25:56.870Z
Rearing Embermare,SOS,Secrets of Strixhaven,127,normal,common,1,112561,06dd56bd-de92-4202-af31-7e881c34d799,0.09,false,false,false,near_mint,en,false,USD,2026-09-26T08:25:56.871Z
Pursue the Past,SOS,Secrets of Strixhaven,216,normal,common,1,112605,4584d5f7-b1f1-4c8e-80c5-ad35e44a968e,0.32,false,false,false,near_mint,en,false,USD,2026-09-26T08:25:56.872Z
Arcane Omens,SOS,Secrets of Strixhaven,73,normal,uncommon,1,111654,d357d997-9d4e-4ade-81f2-37629853f13a,0.16,false,false,false,near_mint,en,false,USD,2026-09-26T08:25:56.873Z
"Sanar, Unfinished Genius // Wild Idea",SOS,Secrets of Strixhaven,223,normal,uncommon,2,111685,173157aa-712d-44f2-89ba-dd2511a07f26,0.32,false,false,false,near_mint,en,false,USD,2026-09-26T08:25:56.874Z
Chelonian Tackle,SOS,Secrets of Strixhaven,142,normal,uncommon,1,112659,a82a4d8c-4105-4923-85a2-ef58241f725c,0.18,false,false,false,near_mint,en,false,USD,2026-09-26T08:25:56.875Z
Duty Beyond Death,SOA,Secrets of Strixhaven Mystical Archive,4,normal,uncommon,1,111803,6f8f8183-d17a-41b8-b3b5-914f193fd964,0.39,false,false,false,near_mint,en,false,USD,2026-09-26T08:25:56.876Z
Agents of S.H.I.E.L.D.,MSH,Marvel Super Heroes,5,normal,common,1,114023,d9b5e156-0764-44e0-b0c7-de2561ea9e04,0.11,false,false,false,near_mint,en,false,USD,2026-09-26T08:25:56.878Z
S.H.I.E.L.D. Deployment Drone,MSH,Marvel Super Heroes,73,normal,common,1,113970,c3d0f02f-dfaf-47b6-8053-514417f4dfe2,0.1,false,false,false,near_mint,en,false,USD,2026-09-26T08:25:56.879Z
Serpent Specialist,MSH,Marvel Super Heroes,186,normal,common,1,113779,72727c2a-08a9-47bc-a5eb-cda52e21684b,0.19,false,false,false,near_mint,en,false,USD,2026-09-26T08:25:56.880Z
Blazing Crescendo,MSH,Marvel Super Heroes,125,normal,common,1,113828,8447c3d6-8c65-4d3c-81c4-609801602d06,0.15,false,false,false,near_mint,en,false,USD,2026-09-26T08:25:56.881Z
Atlantean Cavalry,MSH,Marvel Super Heroes,45,normal,common,1,113546,1319bf54-8705-4cc4-8d08-40f05fd09837,0.16,false,false,false,near_mint,en,false,USD,2026-09-26T08:25:56.882Z
Surveillance Room,MSH,Marvel Super Heroes,274,normal,common,1,113861,8fb51fbb-ab7f-4484-a3c9-dc50cb6f2756,0.2,false,false,false,near_mint,en,false,USD,2026-09-26T08:25:56.883Z
Loki Laufeyson,MSH,Marvel Super Heroes,143,normal,uncommon,1,113707,53b795a7-11f8-423a-b021-f811007fc82f,0.17,false,false,false,near_mint,en,false,USD,2026-09-26T08:25:56.884Z
"Grim Reaper, Lethal Legionnaire",MSH,Marvel Super Heroes,98,normal,uncommon,1,113411,4b1cedfe-4712-4602-a8a8-112bd54c9938,0.17,false,false,false,near_mint,en,false,USD,2026-09-26T08:25:56.885Z
Unsubtle Mockery,SOS,Secrets of Strixhaven,136,normal,common,3,112580,2b7cb1a3-761e-470e-a164-6e29dd9448cd,0.05,false,false,false,near_mint,en,false,USD,2026-09-26T08:25:56.886Z
Return the Favor,SOA,Secrets of Strixhaven Mystical Archive,47,normal,uncommon,1,112535,e968efff-635b-4780-9bbe-099e75a1841b,0.62,false,false,false,near_mint,en,false,USD,2026-09-26T08:25:56.888Z
Repulsor Blast,MSH,Marvel Super Heroes,150,normal,common,1,113826,837265b0-fc15-4d96-9d6b-fd1c78534262,0.16,false,false,false,near_mint,en,false,USD,2026-09-26T08:25:56.889Z
Wakandan Royal Guard,MSH,Marvel Super Heroes,195,normal,common,1,113883,9bf0b1e9-32b5-4591-8dd2-6b5f9768c72d,0.11,false,false,false,near_mint,en,false,USD,2026-09-26T08:25:56.890Z
"Spider-Woman, Secret Agent",MSH,Marvel Super Heroes,229,normal,uncommon,1,113238,a0325cb5-4c43-418a-8f1b-cf5bf29e74d7,0.2,false,false,false,near_mint,en,false,USD,2026-09-26T08:25:56.891Z
"Tigra, Feline Fury",MSH,Marvel Super Heroes,191,normal,uncommon,1,113208,73c11aea-4fa4-438d-b886-2fafa60c82f9,0.22,false,false,false,near_mint,en,false,USD,2026-09-26T08:25:56.892Z
"Crossbones, Malicious Mercenary",MSH,Marvel Super Heroes,91,normal,uncommon,1,113357,1576148a-2371-49ba-8eef-0bc2ec3dcaf3,0.22,false,false,false,near_mint,en,false,USD,2026-09-26T08:25:56.893Z
"Beast, Erudite Aerialist",MSH,Marvel Super Heroes,206,normal,uncommon,1,113906,a92a95d2-9529-417a-b7d5-b4244d7fdca7,0.14,false,false,false,near_mint,en,false,USD,2026-09-26T08:25:56.894Z
Avengers Hangar,MSH,Marvel Super Heroes,259,normal,common,1,113977,c5d03ebb-1ce9-4a6b-b13e-a72f0b075ae8,0.26,false,false,false,near_mint,en,false,USD,2026-09-26T08:25:56.895Z
Cruel Alliance,MSH,Marvel Super Heroes,92,normal,common,1,114019,d895d5a1-d382-438b-8551-e142bb5142af,0.12,false,false,false,near_mint,en,false,USD,2026-09-26T08:25:56.896Z
A.I.M. Scientists,MSH,Marvel Super Heroes,44,normal,common,1,113422,ab96b656-100e-491a-a8c9-94dbb9482c4d,0.09,false,false,false,near_mint,en,false,USD,2026-09-26T08:25:56.897Z
Guerrilla Gorilla,MSH,Marvel Super Heroes,169,normal,common,1,113920,af6bc9d2-5783-489a-8963-af65f54f4f17,0.18,false,false,false,near_mint,en,false,USD,2026-09-26T08:25:56.898Z
Óin the Brave,HOB,The Hobbit,106,normal,common,1,115212,9984b9ef-e81c-48f4-aa33-0504171a2d3c,0.15,false,false,false,near_mint,en,false,USD,2026-09-26T08:25:56.899Z
Magnificent End,HOB,The Hobbit,20,normal,common,1,115170,430c8916-1167-400b-9cad-d301f59d5e5d,0.09,false,false,false,near_mint,en,false,USD,2026-09-26T08:25:56.901Z
Ragged Short Spear,HOB,The Hobbit,108,normal,common,1,115203,7bf81a8b-52ad-49f5-a3d4-22613cad3a3d,0.16,false,false,false,near_mint,en,false,USD,2026-09-26T08:25:56.902Z
Goblin-town Flunkies,HOB,The Hobbit,100,normal,common,1,115239,ccff7382-8609-494c-aeee-cd1436456dd0,0.22,false,false,false,near_mint,en,false,USD,2026-09-26T08:25:56.904Z
Goblin-town,HOB,The Hobbit,183,normal,common,1,115088,d76df9d0-56cf-4351-a5e8-e6ae6fc791d1,0.16,false,false,false,near_mint,en,false,USD,2026-09-26T08:25:56.905Z
Great Ugly-Looking Goblin // Clap! Snap!,HOB,The Hobbit,74,normal,uncommon,1,115011,c87f6004-e1cf-42b2-9647-322bc4939339,0.17,false,false,false,near_mint,en,false,USD,2026-09-26T08:25:56.907Z
Snowslope Hunter,HOB,The Hobbit,112,normal,uncommon,2,115173,47666099-ffb2-4d07-a801-70524dba0837,0.14,false,false,false,near_mint,en,false,USD,2026-09-26T08:25:56.908Z
Tidings of War,HOB,The Hobbit,115,normal,common,1,115160,38c16a0a-375e-48cb-9720-dbbc08c603ae,0.14,false,false,false,near_mint,en,false,USD,2026-09-26T08:25:56.909Z
Hell's Kitchen,MSH,Marvel Super Heroes,268,normal,common,1,113741,6137c34e-cc4c-4342-a8e4-cfa9c767c67b,0.14,false,false,false,near_mint,en,false,USD,2026-09-26T08:25:56.910Z
Blazing Crescendo,MSH,Marvel Super Heroes,340,normal,common,1,113567,1ac8c104-572e-443d-b6d2-0cd26c0fef98,0.18,false,false,false,near_mint,en,false,USD,2026-09-26T08:25:56.911Z
Reconstruct History,ACR,Assassin's Creed,97,normal,uncommon,2,95359,4d80d4e1-8883-4951-8081-a444ab26c5d7,0.29,false,false,false,near_mint,en,false,USD,2026-09-26T08:25:56.912Z
"Roshan, Hidden Magister",ACR,Assassin's Creed,133,normal,uncommon,3,95538,f8ca1f92-2b5c-4d16-be17-6ba450b43ea3,0.29,false,false,false,near_mint,en,false,USD,2026-09-26T08:25:56.913Z
"Ezio, Brash Novice",ACR,Assassin's Creed,55,normal,uncommon,1,95336,3351cae2-87be-4438-ba58-f4f4aff2416c,0.2,false,false,false,near_mint,en,false,USD,2026-09-26T08:25:56.914Z
Summon: Fenrir,FIN,Final Fantasy,203,normal,uncommon,1,105669,93feb9d5-d004-4598-a448-b3488c869c05,0.54,false,false,false,near_mint,en,false,USD,2026-09-26T08:25:56.915Z
Lydia Frye,ACR,Assassin's Creed,60,normal,uncommon,2,95440,9dd6c700-f961-484a-8fe2-57107f5b7717,0.26,false,false,false,near_mint,en,false,USD,2026-09-26T08:25:56.916Z
"Adéwalé, Breaker of Chains",ACR,Assassin's Creed,136,normal,uncommon,1,95484,c2e0ee24-94fc-4042-b3cf-a5a8a2432ba4,0.27,false,false,false,near_mint,en,false,USD,2026-09-26T08:25:56.917Z
Hunter's Bow,ACR,Assassin's Creed,41,normal,uncommon,3,95494,ca2765df-edff-4607-843c-8528d5d4fce9,0.3,false,false,false,near_mint,en,false,USD,2026-09-26T08:25:56.918Z
Arno Dorian,ACR,Assassin's Creed,139,normal,uncommon,1,95385,60a97041-4c09-46f2-b979-e4f63c676fb4,0.23,false,false,false,near_mint,en,false,USD,2026-09-26T08:25:56.919Z
"Roshan, Hidden Magister",ACR,Assassin's Creed,32,normal,uncommon,1,95524,eb17e6aa-8be5-40ea-a627-783c478c8eda,0.32,false,false,false,near_mint,en,false,USD,2026-09-26T08:25:56.920Z
Viewpoint Synchronization,ACR,Assassin's Creed,43,normal,uncommon,1,95464,b0f10999-c7c2-462e-bd75-e3710f7a3364,0.34,false,false,false,near_mint,en,false,USD,2026-09-26T08:25:56.921Z
Arbaaz Mir,ACR,Assassin's Creed,138,normal,uncommon,1,95354,458bf178-a2d8-4f7d-afed-48a7e2bbf246,0.28,false,false,false,near_mint,en,false,USD,2026-09-26T08:25:56.922Z
Adrestia,ACR,Assassin's Creed,68,normal,uncommon,1,95468,b3d878fc-cc21-407f-b3cc-95bf2d717a80,0.31,false,false,false,near_mint,en,false,USD,2026-09-26T08:25:56.923Z
Undercity Dire Rat,FIN,Final Fantasy,123,normal,common,1,106270,274788f4-fbf3-4a15-bdc0-f513a2fde30d,0.19,false,false,false,near_mint,en,false,USD,2026-09-26T08:25:56.924Z
Crossroads Village,FIN,Final Fantasy,276,normal,common,1,106561,64db46d4-f91f-49cc-971c-b8e19f0c4ea9,0.23,false,false,false,near_mint,en,false,USD,2026-09-26T08:25:56.925Z
Gaelicat,FIN,Final Fantasy,22,normal,common,1,106528,29606c49-e1a4-49c3-883b-9122c08bbbc7,0.17,false,false,false,near_mint,en,false,USD,2026-09-26T08:25:56.926Z
Sahagin,FIN,Final Fantasy,71,normal,common,1,106276,516940c7-c271-4f64-af75-c7ba98548382,0.1,false,false,false,near_mint,en,false,USD,2026-09-26T08:25:56.927Z
Weapons Vendor,FIN,Final Fantasy,40,normal,common,1,106651,c9e6b374-3e44-4df7-b0a3-4ef98dc08267,0.15,false,false,false,near_mint,en,false,USD,2026-09-26T08:25:56.928Z
Blitzball Shot,FIN,Final Fantasy,176,normal,common,1,106417,ec8ab637-3d7d-4712-9f83-8920f808f715,0.09,false,false,false,near_mint,en,false,USD,2026-09-26T08:25:56.929Z
Vow to Erebor,HOB,The Hobbit,31,normal,common,2,115210,8d4f3eb5-fedf-45d6-8bd8-aacbe0ce33b2,0.15,false,false,false,near_mint,en,false,USD,2026-09-26T08:25:56.846Z
Gundabad Opportunist,HOB,The Hobbit,101,normal,common,2,115233,bc4a60b8-a5bb-4dbf-8d48-95caf757eac3,0.06,false,false,false,near_mint,en,false,USD,2026-09-26T08:25:56.853Z
Iron Hills Stalwart,HOB,The Hobbit,102,normal,common,2,115172,46daa9ac-0ac7-4df9-b9d2-e03ab5b56c72,0.17,false,false,false,near_mint,en,false,USD,2026-09-26T08:25:56.860Z
Fields of Strife,SOS,Secrets of Strixhaven,255,normal,common,4,111906,3dc7a4c3-c356-4fba-bea0-e8788da3eb57,0.17,false,false,false,near_mint,en,false,USD,2026-09-26T08:25:56.877Z
Smaug's Fury,HOB,The Hobbit,111,normal,common,2,115218,a16f203a-785e-4c78-9410-fb9f8a0ffa01,0.12,false,false,false,near_mint,en,false,USD,2026-09-26T08:25:56.900Z
Coastal Piracy,ACR,Assassin's Creed,84,normal,uncommon,1,95306,1bdc8ac7-a9aa-4323-84c9-fa0cade02bd1,0.73,false,false,false,near_mint,en,false,USD,2026-09-26T08:34:45.212Z
"Ezio, Brash Novice",ACR,Assassin's Creed,145,normal,uncommon,1,95486,c3f4e32b-9252-42a9-a259-cd9a68cb3f4a,0.25,false,false,false,near_mint,en,false,USD,2026-09-26T08:34:45.214Z
The Aesir Escape Valhalla,ACR,Assassin's Creed,39,normal,uncommon,1,95328,2efbcea0-53ba-444d-b2e0-6d184f945f92,0.28,false,false,false,near_mint,en,false,USD,2026-09-26T08:34:45.215Z
Shao Jun,ACR,Assassin's Creed,63,normal,uncommon,1,95287,085568e5-d622-45ff-9a31-52eaa513ff31,0.22,false,false,false,near_mint,en,false,USD,2026-09-26T08:34:45.217Z
Ballad of the Black Flag,ACR,Assassin's Creed,13,normal,uncommon,1,95325,2d6b1b2f-903c-438c-baba-a3b3e60b1d4f,0.33,false,false,false,near_mint,en,false,USD,2026-09-26T08:34:45.218Z
Hidden Blade,ACR,Assassin's Creed,73,normal,uncommon,1,91730,a07a488f-cb64-4f4c-9c2e-6cdb5d563f13,0.32,false,false,false,near_mint,en,false,USD,2026-09-26T08:34:45.219Z
Mortify,ACR,Assassin's Creed,96,normal,uncommon,1,95295,11de7338-243a-40e2-84e3-c31240840768,0.28,false,false,false,near_mint,en,false,USD,2026-09-26T08:34:45.223Z
Become Anonymous,ACR,Assassin's Creed,14,normal,uncommon,1,95532,f321777f-399b-4f80-9baf-da6a0aaa325a,0.36,false,false,false,near_mint,en,false,USD,2026-09-26T08:34:45.224Z
Palazzo Archers,ACR,Assassin's Creed,42,normal,uncommon,1,95504,d37a14c4-5398-491b-8b37-8c4eeff3054f,0.2,false,false,false,near_mint,en,false,USD,2026-09-26T08:34:45.228Z
Distract the Guards,ACR,Assassin's Creed,3,normal,uncommon,1,95374,5554433e-0dee-4960-a58c-c4a24e01a989,0.31,false,false,false,near_mint,en,false,USD,2026-09-26T08:34:45.229Z
The Animus,ACR,Assassin's Creed,69,normal,rare,1,91734,ad574010-01ee-4bbc-87c5-4b04338b6ef6,0.31,false,false,false,near_mint,en,false,USD,2026-09-26T08:34:45.233Z
"Excalibur, Sword of Eden",ACR,Assassin's Creed,72,normal,rare,1,95320,26dbf574-3193-413e-a982-4b9d27dafaf5,18.75,false,false,false,near_mint,en,false,USD,2026-09-26T08:34:45.234Z
"Caduceus, Staff of Hermes",ACR,Assassin's Creed,2,normal,rare,1,95324,2b60f18e-4709-4b91-a342-74eb3fca71e1,7.3,false,false,false,near_mint,en,false,USD,2026-09-26T08:34:45.235Z
Desynchronization,ACR,Assassin's Creed,16,normal,rare,1,95343,3ddd3561-0143-40b7-81bc-640a978b8b15,6.02,false,false,false,near_mint,en,false,USD,2026-09-26T08:34:45.236Z
Assassin's Trophy,ACR,Assassin's Creed,95,normal,rare,1,95513,def90432-6d13-4d28-aa27-f75dd26456bb,1.21,false,false,false,near_mint,en,false,USD,2026-09-26T08:34:45.237Z
"Staff of Eden, Vault's Key",ACR,Assassin's Creed,76,normal,mythic,1,95334,31ce94a9-d6f4-432d-9447-e6d1446c393b,3.04,false,false,false,near_mint,en,false,USD,2026-09-26T08:34:45.238Z
Sword of Feast and Famine,ACR,Assassin's Creed,99,normal,mythic,1,91740,dfb6176a-3938-4c59-b485-8751969358ad,38.36,false,false,false,near_mint,en,false,USD,2026-09-26T08:34:45.239Z
Hookblade,ACR,Assassin's Creed,6,normal,uncommon,1,95515,e17eca56-f658-410f-b505-8cbc87d4f253,0.2,false,false,false,near_mint,en,false,USD,2026-09-26T08:34:45.240Z
"Fang, Fearless l'Cie",FIN,Final Fantasy,99,normal,uncommon,1,105759,f73a5cbb-905f-4b99-8d23-9d1b6bd47ee8,0.29,false,false,false,near_mint,en,false,USD,2026-09-26T08:34:45.241Z
You're Not Alone,FIN,Final Fantasy,44,normal,common,1,106327,1867b5cb-2bb0-4f49-b302-036fdffa2344,0.13,false,false,false,near_mint,en,false,USD,2026-09-26T08:34:45.242Z
Retrieve the Esper,FIN,Final Fantasy,68,normal,common,1,106301,ebd733f0-8883-434a-b36c-ef76b091fe8e,0.13,false,false,false,near_mint,en,false,USD,2026-09-26T08:34:45.243Z
Shambling Cie'th,FIN,Final Fantasy,117,normal,uncommon,1,106302,f02ce338-4fe2-44b0-a896-3ed7e6c874a3,0.08,false,false,false,near_mint,en,false,USD,2026-09-26T08:34:45.244Z
Farseek,FCA,Final Fantasy: Through the Ages,45,normal,uncommon,1,106460,f36f237f-6b44-4513-ba5d-fe6b4936f78e,1.01,false,false,false,near_mint,en,false,USD,2026-09-26T08:34:45.245Z
"Windurst, Federation Center",FIN,Final Fantasy,292,normal,common,1,106649,c74024bd-b383-468d-9cf5-d112a29f6457,0.31,false,false,false,near_mint,en,false,USD,2026-09-26T08:34:45.246Z
"Rabanastre, Royal City",FIN,Final Fantasy,287,normal,common,1,106294,c44c9bbe-f4c6-41cf-b3c3-b943f4011bc1,0.21,false,false,false,near_mint,en,false,USD,2026-09-26T08:34:45.247Z
Airship Crash,FIN,Final Fantasy,171,normal,common,1,106680,ec91c4e4-711f-464d-bc83-e6813f4fdcdb,0.12,false,false,false,near_mint,en,false,USD,2026-09-26T08:34:45.248Z
Hecteyes,FIN,Final Fantasy,103,normal,common,1,106585,8680d052-c07b-4d9b-bda9-b5f69f44f424,0.26,false,false,false,near_mint,en,false,USD,2026-09-26T08:34:45.249Z
Balamb T-Rexaur,FIN,Final Fantasy,173,normal,common,1,106456,e5857b1b-73bc-458e-b26b-7ed8bef785f3,0.21,false,false,false,near_mint,en,false,USD,2026-09-26T08:34:45.250Z
Rook Turret,FIN,Final Fantasy,69,normal,common,1,106541,4572884d-0c0e-41e7-b219-f76b95fdbd01,0.16,false,false,false,near_mint,en,false,USD,2026-09-26T08:34:45.251Z
Battle Menu,FIN,Final Fantasy,9,normal,uncommon,1,106523,240e1466-bd02-423d-b829-234dcd2bfab2,0.22,false,false,false,near_mint,en,false,USD,2026-09-26T08:34:45.252Z
Ride the Shoopuf,FIN,Final Fantasy,197,normal,uncommon,1,106518,19ad36d6-8bf4-490c-9980-b98a470af892,0.33,false,false,false,near_mint,en,false,USD,2026-09-26T08:34:45.253Z
Phantom Train,FIN,Final Fantasy,110,normal,uncommon,1,106350,7a50d2ac-101d-41e1-b400-18fa7d2d7125,0.19,false,false,false,near_mint,en,false,USD,2026-09-26T08:34:45.254Z
Restoration Magic,FIN,Final Fantasy,30,normal,uncommon,1,106543,494e68e9-ecba-4482-82bc-207ad59144c1,1.63,false,false,false,near_mint,en,false,USD,2026-09-26T08:34:45.256Z
"Adéwalé, Breaker of Chains",ACR,Assassin's Creed,44,normal,uncommon,1,95428,914efc24-5c3a-4d22-9d77-fce337a08d4d,0.31,false,false,false,near_mint,en,false,USD,2026-09-26T08:34:45.258Z
Towering Viewpoint,ACR,Assassin's Creed,77,normal,uncommon,1,95500,d19115bf-562c-4bef-967d-52ec1e54c82e,0.28,false,false,false,near_mint,en,false,USD,2026-09-26T08:34:45.262Z
Avengers Tower,MSH,Marvel Super Heroes,334,normal,uncommon,1,113399,1292713f-1462-438f-a3a2-1f69ece99668,0.25,false,false,false,near_mint,en,false,USD,2026-09-26T08:34:45.264Z
Expressive Firedancer,SOS,Secrets of Strixhaven,114,normal,common,3,112286,259b8c45-6241-4206-a34e-34c7f401f47b,0.05,false,false,false,near_mint,en,false,USD,2026-09-26T08:34:45.265Z
Burrog Banemaker,SOS,Secrets of Strixhaven,75,normal,common,1,112599,3e4f9d23-1a17-4188-ac91-f8ddea46a1c4,0.17,false,false,false,near_mint,en,false,USD,2026-09-26T08:34:45.267Z
Stone Docent,SOS,Secrets of Strixhaven,36,normal,common,2,112682,c2abfffb-bf36-44af-9a27-6e109e4d77dd,0.06,false,false,false,near_mint,en,false,USD,2026-09-26T08:34:45.268Z
Muse's Encouragement,SOS,Secrets of Strixhaven,61,normal,common,2,112301,c59e0004-1d6a-42a1-8ce4-31da2af2e1bf,0.08,false,false,false,near_mint,en,false,USD,2026-09-26T08:34:45.269Z
Spirit Mascot,SOS,Secrets of Strixhaven,230,normal,common,1,111682,123f1fde-d8de-4640-baa1-bb3781713168,0.13,false,false,false,near_mint,en,false,USD,2026-09-26T08:34:45.270Z
Bogwater Lumaret,SOS,Secrets of Strixhaven,177,normal,common,1,111650,7a42f51a-3377-47bb-b6fb-c0515bf1dcfb,0.26,false,false,false,near_mint,en,false,USD,2026-09-26T08:34:45.271Z
Tablet of Discovery,SOS,Secrets of Strixhaven,132,normal,uncommon,1,112565,13059664-a940-4a66-8100-0c90b884bab4,1.83,false,false,false,near_mint,en,false,USD,2026-09-26T08:34:45.272Z
"Orysa, Tide Choreographer",SOS,Secrets of Strixhaven,62,normal,uncommon,1,112212,010ed379-63f5-452c-9cd4-00d51647c0e3,0.18,false,false,false,near_mint,en,false,USD,2026-09-26T08:34:45.273Z
Stand Up for Yourself,SOS,Secrets of Strixhaven,34,normal,uncommon,1,112384,b756ca13-b904-4510-9bbb-5bc2864abfbd,0.09,false,false,false,near_mint,en,false,USD,2026-09-26T08:34:45.274Z
Tackle Artist,SOS,Secrets of Strixhaven,133,normal,common,2,112672,b87e2474-98c1-4c1a-91ed-340b72d31653,0.1,false,false,false,near_mint,en,false,USD,2026-09-26T08:34:45.275Z
Pest Mascot,SOS,Secrets of Strixhaven,209,normal,common,2,111751,d882beb9-6766-4818-afbb-f6fd7a2d5b70,0.19,false,false,false,near_mint,en,false,USD,2026-09-26T08:34:45.276Z
Blazing Firesinger // Seething Song,SOS,Secrets of Strixhaven,109,normal,uncommon,1,112595,3ba971e7-0b7a-4750-896f-7cf063e66b2a,0.37,false,false,false,near_mint,en,false,USD,2026-09-26T08:34:45.278Z
Spiritcall Enthusiast // Scrollboost,SOS,Secrets of Strixhaven,33,normal,uncommon,1,112300,c0b85569-2cb3-4b64-b0fe-418195c4dab0,0.2,false,false,false,near_mint,en,false,USD,2026-09-26T08:34:45.279Z
Fractalize,SOS,Secrets of Strixhaven,51,normal,uncommon,1,112399,e3c3b19b-01b6-4f5a-b428-513b778c5d89,0.18,false,false,false,near_mint,en,false,USD,2026-09-26T08:34:45.280Z
Stock Up,SOA,Secrets of Strixhaven Mystical Archive,24,normal,uncommon,2,110977,ad048b7c-588f-4c34-906f-4224f1aaaeb6,1.3,false,false,false,near_mint,en,false,USD,2026-09-26T08:34:45.281Z
Deluge Virtuoso,SOS,Secrets of Strixhaven,42,normal,common,2,112222,2e3b16ed-8727-48fd-8b1f-c0cbd329385e,0.1,false,false,false,near_mint,en,false,USD,2026-09-26T08:34:45.282Z
Cost of Brilliance,SOS,Secrets of Strixhaven,77,normal,common,1,112594,3a46816b-9f75-4c72-9ec6-cded6a4a0d01,0.17,false,false,false,near_mint,en,false,USD,2026-09-26T08:34:45.283Z
Interjection,SOS,Secrets of Strixhaven,22,normal,common,4,112560,0534cff6-299c-4155-b318-eb7581989e8a,0.11,false,false,false,near_mint,en,false,USD,2026-09-26T08:34:45.284Z
Banishing Betrayal,SOS,Secrets of Strixhaven,38,normal,common,1,111688,1ae9d2f3-7a9f-433a-aa1f-14337ae6f9d4,0.18,false,false,false,near_mint,en,false,USD,2026-09-26T08:34:45.285Z
Noxious Newt,SOS,Secrets of Strixhaven,155,normal,common,1,112593,3a028306-c5d7-4f8f-b6f4-0d103fd47000,0.25,false,false,false,near_mint,en,false,USD,2026-09-26T08:34:45.286Z
Ancestral Anger,SOS,Secrets of Strixhaven,106,normal,common,1,112627,6c5a93d6-d4ab-4062-bb3c-1b5330bf15ad,0.23,false,false,false,near_mint,en,false,USD,2026-09-26T08:34:45.287Z
Masterful Flourish,SOS,Secrets of Strixhaven,89,normal,common,1,112643,8d93d14d-7760-4af2-a237-2df326dd28d3,0.2,false,false,false,near_mint,en,false,USD,2026-09-26T08:34:45.288Z
Ascendant Dustspeaker,SOS,Secrets of Strixhaven,8,normal,common,1,112702,de3de40b-a7ac-455e-add2-4e451b602d17,0.09,false,false,false,near_mint,en,false,USD,2026-09-26T08:34:45.289Z
Biblioplex Tomekeeper,SOS,Secrets of Strixhaven,247,normal,common,2,111740,bf2efdd9-d2b4-4bea-a5b9-dbb2eee4dfba,0.1,false,false,false,near_mint,en,false,USD,2026-09-26T08:34:45.290Z
Matterbending Mage,SOS,Secrets of Strixhaven,59,normal,uncommon,1,112606,460c6afd-cddf-4fea-925f-b27517ff250a,0.17,false,false,false,near_mint,en,false,USD,2026-09-26T08:34:45.292Z
"Abigale, Poet Laureate // Heroic Stanza",SOS,Secrets of Strixhaven,170,normal,uncommon,1,111717,77285d12-e658-4eb3-ba13-ff202afab9c8,0.23,false,false,false,near_mint,en,false,USD,2026-09-26T08:34:45.293Z
Impractical Joke,SOS,Secrets of Strixhaven,119,normal,uncommon,1,112334,39a816b4-39b8-421c-b828-68db901d34b7,0.31,false,false,false,near_mint,en,false,USD,2026-09-26T08:34:45.294Z
Great Hall of the Biblioplex,SOS,Secrets of Strixhaven,257,normal,rare,1,111794,42d92674-2664-411c-b9c5-b04da7c845f4,0.8,false,false,false,near_mint,en,false,USD,2026-09-26T08:34:45.295Z
Burst Lightning,SOA,Secrets of Strixhaven Mystical Archive,41,normal,uncommon,1,112539,f98b402a-ecdb-432f-a050-65945c8c415d,0.3,false,false,false,near_mint,en,false,USD,2026-09-26T08:34:45.296Z
"Arnyn, Deathbloom Botanist",SOS,Secrets of Strixhaven,74,normal,uncommon,1,112621,6168b472-0930-4db5-9920-407340b99050,0.35,false,false,false,near_mint,en,false,USD,2026-09-26T08:34:45.297Z
Titan's Grave,SOS,Secrets of Strixhaven,266,normal,common,2,112068,a9ab41c8-3ee2-4676-9b8b-20c34d9f5f21,0.17,false,false,false,near_mint,en,false,USD,2026-09-26T08:34:45.298Z
Burrog Barrage,SOS,Secrets of Strixhaven,141,normal,common,1,112647,95d5b0a8-2b66-418e-9e5e-ecf7b304c31e,0.15,false,false,false,near_mint,en,false,USD,2026-09-26T08:34:45.299Z
Cheerful Osteomancer // Raise Dead,SOS,Secrets of Strixhaven,76,normal,common,2,112596,3c34660c-25e3-4ff5-9b2b-5554ded2bcc3,0.16,false,false,false,near_mint,en,false,USD,2026-09-26T08:34:45.300Z
Ajani's Response,SOS,Secrets of Strixhaven,6,normal,common,2,112654,9cd1417a-badc-4abd-a8ca-5b31f85c1072,0.12,false,false,false,near_mint,en,false,USD,2026-09-26T08:34:45.301Z
Essence Scatter,SOS,Secrets of Strixhaven,47,normal,common,1,112586,32840097-0531-4c43-b6a8-e76c17420b04,0.2,false,false,false,near_mint,en,false,USD,2026-09-26T08:34:45.302Z
Grapple with Death,SOS,Secrets of Strixhaven,192,normal,common,1,111657,62842fb4-8bd3-4d80-b4f9-5bc3c5cebd3a,0.19,false,false,false,near_mint,en,false,USD,2026-09-26T08:34:45.303Z
Mage Tower Referee,SOS,Secrets of Strixhaven,249,normal,common,1,112568,1ceb704a-97a8-49f9-b799-30f001404144,0.07,false,false,false,near_mint,en,false,USD,2026-09-26T08:34:45.304Z
"Mica, Reader of Ruins",SOS,Secrets of Strixhaven,124,normal,uncommon,1,112369,949ad3ff-9e80-493c-a3ae-146b919bfcd7,0.22,false,false,false,near_mint,en,false,USD,2026-09-26T08:34:45.305Z
Scathing Shadelock // Venomous Words,SOS,Secrets of Strixhaven,98,normal,uncommon,1,112558,03e664cd-c3a6-4263-b2d8-dd99058fb8ec,0.21,false,false,false,near_mint,en,false,USD,2026-09-26T08:34:45.306Z
Pestbrood Sloth,SOS,Secrets of Strixhaven,157,normal,uncommon,1,112680,c1251ae6-2f19-4f84-ab02-6a6cc7ce6056,0.2,false,false,false,near_mint,en,false,USD,2026-09-26T08:34:45.307Z
Pox Plague,SOS,Secrets of Strixhaven,94,normal,rare,1,112653,9c99c17b-ad3a-4859-97e8-469718b81cd9,0.36,false,false,false,near_mint,en,false,USD,2026-09-26T08:34:45.308Z
Bulk Up,SOA,Secrets of Strixhaven Mystical Archive,40,normal,uncommon,1,112533,e86fcad5-8150-4a76-b27e-47a9f05745c1,0.39,false,false,false,near_mint,en,false,USD,2026-09-26T08:34:45.309Z
Pterafractyl,SOS,Secrets of Strixhaven,215,normal,common,2,112402,ecd33152-e290-4505-addd-a8d08cefdddd,0.2,false,false,false,near_mint,en,false,USD,2026-09-26T08:34:45.310Z
Escape Detection,ACR,Assassin's Creed,18,normal,uncommon,2,95526,ec676a8f-612d-4ef4-a370-6208407a86af,0.2,false,false,false,near_mint,en,false,USD,2026-09-26T08:34:45.211Z
Bleeding Effect,ACR,Assassin's Creed,51,normal,uncommon,2,95401,6e942730-712a-42b2-8683-a18702d685f6,0.34,false,false,false,near_mint,en,false,USD,2026-09-26T08:34:45.213Z
Templar Knight,ACR,Assassin's Creed,10,normal,uncommon,2,95342,3d5a1bec-9128-4c5e-98c3-317424f892d1,2.11,false,false,false,near_mint,en,false,USD,2026-09-26T08:34:45.222Z
Brotherhood Headquarters,ACR,Assassin's Creed,80,normal,uncommon,2,95369,535f43c4-8926-4981-967d-f681f98e07d9,0.31,false,false,false,near_mint,en,false,USD,2026-09-26T08:34:45.225Z
Assassin Gauntlet,ACR,Assassin's Creed,12,normal,uncommon,2,95454,a9ebdd18-7f07-417c-8f30-470c1f14dfae,0.33,false,false,false,near_mint,en,false,USD,2026-09-26T08:34:45.226Z
Shay Cormac,ACR,Assassin's Creed,65,normal,uncommon,2,95350,42ca7f13-df00-4904-a7be-44f94272bfee,0.34,false,false,false,near_mint,en,false,USD,2026-09-26T08:34:45.230Z
Wilt in the Heat,SOS,Secrets of Strixhaven,243,normal,common,4,112715,f63f7209-fc0f-400c-8076-125f3131cb32,0.07,false,false,false,near_mint,en,false,USD,2026-09-26T08:34:45.277Z
Chase Inspiration,SOS,Secrets of Strixhaven,41,normal,common,1,112562,06f9f257-c7ef-44b7-8b2b-f038fba900af,0.17,false,false,false,near_mint,en,false,USD,2026-09-26T08:43:54.662Z
Last Gasp,SOS,Secrets of Strixhaven,86,normal,common,1,112698,da5f3729-6ec7-4482-90cb-83b973edeae4,0.13,false,false,false,near_mint,en,false,USD,2026-09-26T08:43:54.665Z
Colossus of the Blood Age,SOS,Secrets of Strixhaven,181,normal,uncommon,1,112387,bfa7f0a4-6b65-4e53-ba00-848df260d8e3,0.22,false,false,false,near_mint,en,false,USD,2026-09-26T08:43:54.668Z
Encouraging Aviator // Jump,SOS,Secrets of Strixhaven,46,normal,uncommon,1,112361,72654b84-9902-41db-92ab-a3499c31221c,0.25,false,false,false,near_mint,en,false,USD,2026-09-26T08:43:54.669Z
"Ennis, Debate Moderator",SOS,Secrets of Strixhaven,14,normal,uncommon,1,112521,d2ef31b4-24fa-4443-9f05-c8e99c3522e5,0.24,false,false,false,near_mint,en,false,USD,2026-09-26T08:43:54.670Z
Mana Sculpt,SOS,Secrets of Strixhaven,57,normal,rare,1,112284,200c8e3d-c53b-40c7-a29a-fccc1281bfc6,0.95,false,false,false,near_mint,en,false,USD,2026-09-26T08:43:54.671Z
Emeritus of Woe // Demonic Tutor,SOS,Secrets of Strixhaven,80,normal,mythic,2,112636,7eb9e83d-515d-4911-a06b-9982200277b2,11.29,false,false,false,near_mint,en,false,USD,2026-09-26T08:43:54.672Z
Royal Treatment,SOA,Secrets of Strixhaven Mystical Archive,56,normal,uncommon,1,112412,009bad41-5e96-4bb3-9f5e-66500fb8af29,0.31,false,false,false,near_mint,en,false,USD,2026-09-26T08:43:54.673Z
Stadium Tidalmage,SOS,Secrets of Strixhaven,232,normal,common,1,112658,a689289e-7141-4950-8a87-82e9bd6846fe,0.05,false,false,false,near_mint,en,false,USD,2026-09-26T08:43:54.674Z
Mindful Biomancer,SOS,Secrets of Strixhaven,154,normal,common,1,112582,2c3a6eb8-ce0c-4dc8-9ed6-d2a9223eef53,0.06,false,false,false,near_mint,en,false,USD,2026-09-26T08:43:54.676Z
Spellbook Seeker // Careful Study,SOS,Secrets of Strixhaven,68,normal,common,1,112691,cc44eaa4-59a4-419e-b1d1-d92f354ff588,0.12,false,false,false,near_mint,en,false,USD,2026-09-26T08:43:54.677Z
Homesickness,SOS,Secrets of Strixhaven,53,normal,uncommon,1,112358,6e4a1f82-b0b1-4608-91f8-130bee731435,0.14,false,false,false,near_mint,en,false,USD,2026-09-26T08:43:54.682Z
Molten Note,SOS,Secrets of Strixhaven,204,normal,uncommon,1,111701,506f69aa-7dc4-4dd7-990a-7371fc1762c0,0.17,false,false,false,near_mint,en,false,USD,2026-09-26T08:43:54.683Z
Topiary Lecturer,SOS,Secrets of Strixhaven,165,normal,uncommon,1,112611,4f16a1c2-0a80-45e4-b025-3aa0c0b03812,0.3,false,false,false,near_mint,en,false,USD,2026-09-26T08:43:54.684Z
Killian's Confidence,SOS,Secrets of Strixhaven,197,normal,uncommon,1,112443,55ff776a-fc3b-4338-8864-d57a85b3f123,0.2,false,false,false,near_mint,en,false,USD,2026-09-26T08:43:54.685Z
Fix What's Broken,SOS,Secrets of Strixhaven,188,normal,rare,1,112678,c0cd1d71-8e4a-4e00-80cd-83aec231fa57,0.33,false,false,false,near_mint,en,false,USD,2026-09-26T08:43:54.686Z
Abrade,SOA,Secrets of Strixhaven Mystical Archive,37,normal,uncommon,2,112513,c5bb5307-e874-42c4-b85d-06b9f6c474c8,0.34,false,false,false,near_mint,en,false,USD,2026-09-26T08:43:54.687Z
Rehearsed Debater,SOS,Secrets of Strixhaven,29,normal,common,2,112724,fc6a1425-6733-42a2-94d9-605966398092,0.03,false,false,false,near_mint,en,false,USD,2026-09-26T08:43:54.688Z
Abstract Paintmage,SOS,Secrets of Strixhaven,171,normal,uncommon,1,112708,ea008094-d995-4740-9b39-c61049356c55,0.25,false,false,false,near_mint,en,false,USD,2026-09-26T08:43:54.695Z
Soaring Stoneglider,SOS,Secrets of Strixhaven,32,normal,uncommon,1,112584,2fbe446b-60fd-43da-8358-985392293af8,0.1,false,false,false,near_mint,en,false,USD,2026-09-26T08:43:54.696Z
Dissection Practice,SOS,Secrets of Strixhaven,79,normal,uncommon,1,112700,ddbf1242-6832-475e-9a77-65dd9b4bb32a,0.29,false,false,false,near_mint,en,false,USD,2026-09-26T08:43:54.697Z
Choreographed Sparks,SOS,Secrets of Strixhaven,111,normal,rare,1,112564,0cda4235-4dce-48fe-a8a5-2a952dedbe25,0.32,false,false,false,near_mint,en,false,USD,2026-09-26T08:43:54.698Z
"Silverquill, the Disputant",SOS,Secrets of Strixhaven,226,normal,mythic,1,111686,1742c9cd-5ba0-4335-9999-acc7f9d4f73c,1.17,false,false,false,near_mint,en,false,USD,2026-09-26T08:43:54.699Z
Locust Spray,SOA,Secrets of Strixhaven Mystical Archive,31,normal,uncommon,1,112497,b221e1e9-7b14-4444-ac1c-3d5174c711e9,0.19,false,false,false,near_mint,en,false,USD,2026-09-26T08:43:54.700Z
Shopkeeper's Bane,SOS,Secrets of Strixhaven,159,normal,common,1,112651,97f7fbb9-228c-4a74-975b-38d3b6cecb32,0.18,false,false,false,near_mint,en,false,USD,2026-09-26T08:43:54.702Z
Pull from the Grave,SOS,Secrets of Strixhaven,95,normal,common,2,111658,d73612fe-8992-4650-a7e3-c7b662da6a03,0.17,false,false,false,near_mint,en,false,USD,2026-09-26T08:43:54.703Z
Quick Study,SOS,Secrets of Strixhaven,65,normal,common,1,112583,2d4f0bc7-da7c-4749-a24c-b01f3eb5860c,0.22,false,false,false,near_mint,en,false,USD,2026-09-26T08:43:54.705Z
Harsh Annotation,SOS,Secrets of Strixhaven,18,normal,uncommon,1,112706,e07a8fc7-c11c-4469-a31d-0abf40e57bbf,0.22,false,false,false,near_mint,en,false,USD,2026-09-26T08:43:54.709Z
Growth Curve,SOS,Secrets of Strixhaven,193,normal,uncommon,1,112325,1675a445-86ae-413b-b95a-a1c254a7f252,0.3,false,false,false,near_mint,en,false,USD,2026-09-26T08:43:54.710Z
Foolish Fate,SOS,Secrets of Strixhaven,83,normal,uncommon,1,112693,d278f4c9-d20b-4a76-8c5c-4d3e985948b9,0.16,false,false,false,near_mint,en,false,USD,2026-09-26T08:43:54.711Z
Vastlands Scavenger // Bind to Life,SOS,Secrets of Strixhaven,166,normal,rare,1,112607,476b6a4d-cc05-4e98-8a45-a5c6582ec514,0.39,false,false,false,near_mint,en,false,USD,2026-09-26T08:43:54.712Z
Spell Pierce,SOA,Secrets of Strixhaven Mystical Archive,23,normal,uncommon,2,112504,bc8f80e2-dd9d-4abc-b44c-fbef4d403e6f,0.36,false,false,false,near_mint,en,false,USD,2026-09-26T08:43:54.713Z
Tenured Concocter,SOS,Secrets of Strixhaven,163,normal,common,1,112592,376c8b7d-1c90-47e1-bd01-e4c67f3fc4fc,0.03,false,false,false,near_mint,en,false,USD,2026-09-26T08:43:54.714Z
Efflorescence,SOS,Secrets of Strixhaven,144,normal,common,1,112634,79b9ace7-eceb-4f97-9ee7-d5ee3e0b3515,0.11,false,false,false,near_mint,en,false,USD,2026-09-26T08:43:54.716Z
Melancholic Poet,SOS,Secrets of Strixhaven,90,normal,common,2,112696,d8309815-7035-47a5-acf2-2b2ac1e65037,0.15,false,false,false,near_mint,en,false,USD,2026-09-26T08:43:54.717Z
Poisoner's Apprentice,SOS,Secrets of Strixhaven,92,normal,uncommon,1,112591,3755a2e9-af55-4625-a006-2a86c7893a96,0.15,false,false,false,near_mint,en,false,USD,2026-09-26T08:43:54.722Z
Zimone's Experiment,SOS,Secrets of Strixhaven,169,normal,uncommon,1,112376,a6597852-4267-4ea6-a391-f927e4833be2,0.21,false,false,false,near_mint,en,false,USD,2026-09-26T08:43:54.723Z
Borrowed Knowledge,SOS,Secrets of Strixhaven,178,normal,uncommon,1,112298,a3226e14-554d-47c9-b8b6-dfeb53cc41ba,0.27,false,false,false,near_mint,en,false,USD,2026-09-26T08:43:54.724Z
"Jadzi, Steward of Fate // Oracle's Gift",SOS,Secrets of Strixhaven,55,normal,rare,1,112377,a95b6baf-01e6-49c3-9a26-394b127d53c3,0.33,false,false,false,near_mint,en,false,USD,2026-09-26T08:43:54.725Z
Petrified Hamlet,SOS,Secrets of Strixhaven,259,normal,rare,1,112430,355dd460-b0e9-41f2-a058-b7f7e39ac387,1.03,false,false,false,near_mint,en,false,USD,2026-09-26T08:43:54.726Z
Oracle's Restoration,SOS,Secrets of Strixhaven,156,normal,common,1,111670,0863a19d-4511-4a78-98dd-d194afd1c39b,0.2,false,false,false,near_mint,en,false,USD,2026-09-26T08:43:54.729Z
Inkling Mascot,SOS,Secrets of Strixhaven,196,normal,common,1,111711,6d4a2f39-0e1e-4076-815a-2676a09a1aab,0.07,false,false,false,near_mint,en,false,USD,2026-09-26T08:43:54.731Z
Practiced Scrollsmith,SOS,Secrets of Strixhaven,210,normal,uncommon,2,112289,40075e3f-58b3-47fd-8fbe-4b301e9ce7a1,0.23,false,false,false,near_mint,en,false,USD,2026-09-26T08:43:54.733Z
Brush Off,SOS,Secrets of Strixhaven,39,normal,uncommon,1,112323,151eab82-d20f-433b-b3bb-1d44e2871d5c,0.28,false,false,false,near_mint,en,false,USD,2026-09-26T08:43:54.734Z
Witherbloom Charm,SOS,Secrets of Strixhaven,244,normal,uncommon,1,111694,254437f7-7a8a-4b11-9cea-e8e7ea23c59e,0.27,false,false,false,near_mint,en,false,USD,2026-09-26T08:43:54.735Z
Group Project,SOS,Secrets of Strixhaven,17,normal,uncommon,1,112305,e8abc1eb-6225-4b18-8502-b5324b818aed,0.19,false,false,false,near_mint,en,false,USD,2026-09-26T08:43:54.736Z
Applied Geometry,SOS,Secrets of Strixhaven,172,normal,rare,1,112315,f109f2eb-895b-44a6-b6b5-81bf3831ccd5,0.29,false,false,false,near_mint,en,false,USD,2026-09-26T08:43:54.737Z
Giant Growth,SOA,Secrets of Strixhaven Mystical Archive,52,normal,uncommon,1,111801,62652aa9-57e7-42a7-8f2f-62e9a6aefb16,0.23,false,false,false,near_mint,en,false,USD,2026-09-26T08:43:54.738Z
Prismari Charm,SOS,Secrets of Strixhaven,211,normal,uncommon,1,111723,8f6c2a5e-fe13-407c-aadd-c9caf2884ff1,0.31,false,false,false,near_mint,en,false,USD,2026-09-26T08:43:54.739Z
Glorious Decay,SOS,Secrets of Strixhaven,150,normal,common,1,112657,a335f396-1004-4fee-842a-a35ff6ba17f2,1.04,false,false,false,near_mint,en,false,USD,2026-09-26T08:43:54.741Z
Eager Glyphmage,SOS,Secrets of Strixhaven,11,normal,common,1,112507,bf736de9-9bc4-49df-ae60-672ed4f83f32,0.09,false,false,false,near_mint,en,false,USD,2026-09-26T08:43:54.743Z
Run Behind,SOS,Secrets of Strixhaven,66,normal,common,1,112601,40ecc34b-4cd0-4998-bbf4-7faa6fd3d7e0,0.05,false,false,false,near_mint,en,false,USD,2026-09-26T08:43:54.744Z
Render Speechless,SOS,Secrets of Strixhaven,220,normal,common,1,112573,25bbb1c7-14e8-444f-ab98-e95f50927460,0.07,false,false,false,near_mint,en,false,USD,2026-09-26T08:43:54.745Z
Rancorous Archaic,SOS,Secrets of Strixhaven,2,normal,common,1,111695,2565e16a-ed31-4867-adb8-f1633d580397,0.07,false,false,false,near_mint,en,false,USD,2026-09-26T08:43:54.746Z
End of the Hunt,SOS,Secrets of Strixhaven,81,normal,uncommon,1,112320,0809b51a-6a05-4f18-9bf4-1b8382da648f,0.22,false,false,false,near_mint,en,false,USD,2026-09-26T08:43:54.747Z
Graduation Day,SOS,Secrets of Strixhaven,16,normal,uncommon,1,111755,db1cea01-123e-4b23-8b98-f94cabce3912,0.28,false,false,false,near_mint,en,false,USD,2026-09-26T08:43:54.748Z
Rapturous Moment,SOS,Secrets of Strixhaven,219,normal,uncommon,1,112285,21afe19d-881a-48cb-863e-22942bea5ebe,0.27,false,false,false,near_mint,en,false,USD,2026-09-26T08:43:54.749Z
Dreamroot Cascade,SOS,Secrets of Strixhaven,254,normal,rare,1,111765,ef662b92-5a7f-48c9-bcc1-14b55e091aef,1.1,false,false,false,near_mint,en,false,USD,2026-09-26T08:43:54.750Z
Zombify,SOA,Secrets of Strixhaven Mystical Archive,36,normal,uncommon,1,112530,dfec5854-70c7-4e4b-9979-58775dd7a181,0.3,false,false,false,near_mint,en,false,USD,2026-09-26T08:43:54.751Z
Cryptic Command,FCA,Final Fantasy: Through the Ages,29,normal,rare,1,106437,7b182d1f-be0f-4b97-bca3-083483f7713c,4.9,false,false,false,near_mint,en,false,USD,2026-09-26T08:43:54.754Z
Arcane Denial,SOC,Secrets of Strixhaven Commander,187,normal,common,1,111918,4931aa7c-b77b-4002-bfb1-b75a1bac1deb,1.69,false,false,false,near_mint,en,false,USD,2026-09-26T08:43:54.755Z
Quag Feast,DFT,Aetherdrift,100,normal,rare,1,103303,dd8b6033-63e6-484e-8efb-a4eb9ca59fbf,0.25,false,false,false,near_mint,en,false,USD,2026-09-26T08:43:54.756Z
Duress,DTK,Dragons of Tarkir,98,normal,common,1,11716,e9e79c2c-1b4d-4f20-a769-94890c91b539,0.08,false,false,false,near_mint,en,false,USD,2026-09-26T08:43:54.757Z
Louisoix's Sacrifice,FIN,Final Fantasy,59,normal,rare,1,106544,4a6976f2-0bd5-449a-8fcf-f5a732ce22c1,0.33,false,false,false,near_mint,en,false,USD,2026-09-26T08:43:54.758Z
Stolen Identity,NCC,New Capenna Commander,233,normal,rare,1,68158,2831fe77-ea98-4334-a78e-01580fb002c0,0.42,false,false,false,near_mint,en,false,USD,2026-09-26T08:43:54.759Z
Mechanized Production,MKC,Murders at Karlov Manor Commander,109,normal,mythic,1,90574,eaf86997-68e8-4c37-99f1-db10ac08f54c,3.09,false,false,false,near_mint,en,false,USD,2026-09-26T08:43:54.760Z
Seize the Spoils,SOS,Secrets of Strixhaven,129,normal,common,2,111928,4ddf4e34-a1f9-4636-942d-0a08e9f94320,0.29,false,false,false,near_mint,en,false,USD,2026-09-26T08:43:54.663Z
Hungry Graffalon,SOS,Secrets of Strixhaven,151,normal,common,2,112557,030b1272-5990-4bc9-8fc1-82cc05602060,0.07,false,false,false,near_mint,en,false,USD,2026-09-26T08:43:54.664Z
Sneering Shadewriter,SOS,Secrets of Strixhaven,101,normal,common,2,112608,4b4c120e-abe9-4f11-a7e4-bc3f723da4b2,0.1,false,false,false,near_mint,en,false,USD,2026-09-26T08:43:54.680Z
Terramorphic Expanse,SOS,Secrets of Strixhaven,265,normal,common,2,112047,9a4c5629-fadd-42b9-850f-9f8586a2ca50,0.19,false,false,false,near_mint,en,false,USD,2026-09-26T08:43:54.693Z
Fractal Mascot,SOS,Secrets of Strixhaven,189,normal,common,2,111745,cf5b19e3-eed1-4b36-9756-660ffb3baa08,0.11,false,false,false,near_mint,en,false,USD,2026-09-26T08:43:54.721Z
Lightning Bolt,FCA,Final Fantasy: Through the Ages,40,normal,uncommon,1,106371,e89794ab-6070-4916-936f-2b42fe41d31b,0.63,false,false,false,near_mint,en,false,USD,2026-09-27T18:05:46.355Z
Abyssal Harvester,FDN,Foundations,316,normal,rare,1,100725,7e44b856-1803-4e63-ad81-43a1c4ef5020,0.92,false,false,false,near_mint,en,false,USD,2026-09-27T18:05:46.356Z
Living Death,CM2,Commander Anthology Volume II,68,normal,rare,1,1669,80e7d9a3-06a1-400d-958c-9b5302e046a6,3.69,false,false,false,near_mint,en,false,USD,2026-09-27T18:05:46.357Z
"Too Greedily, Too Deep",LTC,Tales of Middle-earth Commander,72,normal,rare,1,82978,328b93f0-5078-4334-9c95-60ecdd17a388,0.33,false,false,false,near_mint,en,false,USD,2026-09-27T18:05:46.358Z
Lively Dirge,OTJ,Outlaws of Thunder Junction,93,normal,uncommon,1,93038,0c35a0d3-12f7-46f3-a6b3-02a490d45ca0,5.94,false,false,false,near_mint,en,false,USD,2026-09-27T18:05:46.359Z
Sheoldred // The True Scriptures,MOM,March of the Machine,125,normal,mythic,1,81211,bf2249e6-af74-4b88-8eb7-144ce8fa7f6b,18.15,false,false,false,near_mint,en,false,USD,2026-09-27T18:05:46.360Z
Grave Researcher // Reanimate,SOS,Secrets of Strixhaven,85,normal,rare,1,111721,8b1e10e8-ea14-4761-910b-4072e2a18456,1.73,false,false,false,near_mint,en,false,USD,2026-09-27T18:05:46.361Z
Stitcher's Supplier,J22,Jumpstart 2022,73,normal,uncommon,1,76116,10e65e74-14fc-4286-84d3-36c70d6dcf46,2.73,false,false,false,near_mint,en,false,USD,2026-09-27T18:05:46.362Z
"Kaervek, the Punisher",OTJ,Outlaws of Thunder Junction,92,normal,rare,1,93234,7f3affc1-be42-48c7-89ff-b59550ff278c,0.34,false,false,false,near_mint,en,false,USD,2026-09-27T18:05:46.363Z
Rune-Scarred Demon,FDN,Foundations,184,normal,rare,1,100227,1eae3165-554d-4759-8f18-794e2a7d8464,1.19,false,false,false,near_mint,en,false,USD,2026-09-27T18:05:46.364Z
Big Score,SOC,Secrets of Strixhaven Commander,237,normal,common,1,112012,8b2699d2-2057-4fbf-8e52-736fcfe2759d,0.46,false,false,false,near_mint,en,false,USD,2026-09-27T18:05:46.365Z
Flashback,SOS,Secrets of Strixhaven,115,normal,rare,2,112283,1b832fda-d7c4-4566-884c-2a8b6da15488,3.3,false,false,false,near_mint,en,false,USD,2026-09-27T18:05:46.366Z
Terror of the Peaks,OTJ,Outlaws of Thunder Junction,149,normal,mythic,1,93260,904ff94a-4db4-44a6-8593-89c32905b3fc,29.75,false,false,false,near_mint,en,false,USD,2026-09-27T18:05:46.367Z
Extract from Darkness,LTC,Tales of Middle-earth Commander,266,normal,uncommon,1,83104,5b2db271-6109-407b-9ffd-91e3b858c426,0.33,false,false,false,near_mint,en,false,USD,2026-09-27T18:05:46.368Z
"Drakuseth, Maw of Flames",FDN,Foundations,193,normal,rare,1,100092,029b1edb-e1de-4f1c-81df-8d17f4920318,0.48,false,false,false,near_mint,en,false,USD,2026-09-27T18:05:46.369Z
Rakdos Carnarium,ECC,Lorwyn Eclipsed Commander,161,normal,uncommon,1,110454,20c799a9-ab94-46e6-9111-00505e071c41,0.31,false,false,false,near_mint,en,false,USD,2026-09-27T18:05:46.370Z
Bloodfell Caves,FDN,Foundations,259,normal,common,1,100806,8b90dc92-cb66-41d9-89f9-2b6e3cfc8082,0.32,false,false,false,near_mint,en,false,USD,2026-09-27T18:05:46.371Z
Drowned Catacomb,DRC,Aetherdrift Commander,152,normal,rare,1,103092,6b4097eb-a1e5-4560-80d8-11bb5628dd0d,1.66,false,false,false,near_mint,en,false,USD,2026-09-27T18:05:46.372Z
Vat Emergence,ONE,Phyrexia: All Will Be One,112,normal,uncommon,1,78503,3a2aeaeb-7853-4588-8a5e-cfd997ba8515,0.32,false,false,false,near_mint,en,false,USD,2026-09-27T18:05:46.373Z
"Gisa, the Hellraiser",OTJ,Outlaws of Thunder Junction,89,normal,mythic,1,93375,db7c07b2-02b2-4e62-bf1b-4848e06eec28,6.05,false,false,false,near_mint,en,false,USD,2026-09-27T18:05:46.374Z
Exotic Orchard,ECC,Lorwyn Eclipsed Commander,148,normal,rare,1,110638,dc0a1bc1-ba94-4494-a196-5363fde85194,0.37,false,false,false,near_mint,en,false,USD,2026-09-27T18:05:46.375Z
Eroded Canyon,OTJ,Outlaws of Thunder Junction,256,normal,common,1,93177,5c9d080f-28d7-41d6-a4e0-5b3e3a5ed770,0.35,false,false,false,near_mint,en,false,USD,2026-09-27T18:05:46.376Z
Arcane Signet,PIP,Fallout,224,normal,uncommon,1,92430,8bafeaa8-5e77-4303-b30a-23fd137b7c35,0.87,false,false,false,near_mint,en,false,USD,2026-09-27T18:05:46.377Z
Ferrous Lake,SOC,Secrets of Strixhaven Commander,370,normal,rare,1,112035,92fa559c-a99b-4bc1-86c4-0c5eeeac9f4f,0.33,false,false,false,near_mint,en,false,USD,2026-09-27T18:05:46.378Z
Cascade Bluffs,SOC,Secrets of Strixhaven Commander,364,normal,rare,1,111867,22acccd2-4e9d-46de-a060-863b08152e50,0.38,false,false,false,near_mint,en,false,USD,2026-09-27T18:05:46.379Z
Spiteful Banditry,LTR,The Lord of the Rings: Tales of Middle-earth,149,normal,mythic,1,83606,e85a82bc-49f3-4694-b688-808a541146db,9.59,false,false,false,near_mint,en,false,USD,2026-09-27T18:05:46.380Z
Choked Estuary,MKC,Murders at Karlov Manor Commander,254,normal,rare,1,90572,e9ad18b2-1061-4893-9171-07ffe142a762,0.4,false,false,false,near_mint,en,false,USD,2026-09-27T18:05:46.381Z
Shoreline Looter,BLB,Bloomburrow,70,normal,uncommon,1,95837,d5bf8cf0-419a-4dc9-9342-aad55c1af05a,0.33,false,false,false,near_mint,en,false,USD,2026-09-27T18:05:46.382Z
Ulamog's Crusher,M3C,Modern Horizons 3 Commander,161,normal,common,1,95006,ac896541-b271-4bbb-a45c-753869361df6,0.27,false,false,false,near_mint,en,false,USD,2026-09-27T18:05:46.383Z
Refute,FDN,Foundations,48,normal,common,1,100368,38806934-dd9c-4ad4-a59c-a16dce03a14a,0.25,false,false,false,near_mint,en,false,USD,2026-09-27T18:05:46.384Z
Feed the Swarm,SOA,Secrets of Strixhaven Mystical Archive,29,normal,uncommon,1,112488,a041cfe3-a02d-41e2-aea3-76bc2bacc10e,0.37,false,false,false,near_mint,en,false,USD,2026-09-27T18:05:46.385Z
Spirebluff Canal,OTJ,Outlaws of Thunder Junction,270,normal,rare,1,93174,59a04e16-a767-4112-ab01-6ca1b09c286c,4.54,false,false,false,near_mint,en,false,USD,2026-09-27T18:05:46.386Z
Morbid Opportunist,SPG,Special Guests,32,normal,mythic,1,93005,75ce7a2a-95c3-4854-ab70-15d144d44714,17.21,false,false,false,near_mint,en,false,USD,2026-09-27T18:05:46.387Z
Overlord of the Balemurk,DSK,Duskmourn: House of Horror,113,normal,mythic,1,99269,9b911653-7b96-4cf3-a907-13c5c53a14f7,21.55,false,false,false,near_mint,en,false,USD,2026-09-27T18:05:46.388Z
Frostcliff Siege,TDM,Tarkir: Dragonstorm,187,normal,rare,1,104338,a750aabb-9788-494a-841f-bf75717970a7,2.5,false,false,false,near_mint,en,false,USD,2026-09-27T18:05:46.389Z
Bedevil,OTP,Breaking News,37,normal,rare,1,93089,2473bb43-4de4-402a-884b-42fd9fcadd7d,0.39,false,false,false,near_mint,en,false,USD,2026-09-27T18:05:46.390Z
Counterspell,FCA,Final Fantasy: Through the Ages,4,normal,uncommon,1,106455,e1e48b21-1a4f-4708-a4b4-e2e296df924c,2.82,false,false,false,near_mint,en,false,USD,2026-09-27T18:05:46.391Z
Riverpyre Verge,DFT,Aetherdrift,372,normal,rare,1,103100,70efc6f3-2fdc-4629-84b9-f3707b799460,19.0,false,false,false,near_mint,en,false,USD,2026-09-27T18:05:46.392Z
Murky Sewer,DSK,Duskmourn: House of Horror,263,normal,common,1,98632,6098d8be-4e3f-455d-8799-91435bf45a1c,0.23,false,false,false,near_mint,en,false,USD,2026-09-27T18:05:46.393Z
Reflecting Pool,CLB,Commander Legends: Battle for Baldur's Gate,358,normal,rare,1,67501,18a1b3f5-473d-45ca-be0d-e67e77ba30ce,16.8,false,false,false,near_mint,en,false,USD,2026-09-27T18:05:46.394Z
Enduring Curiosity,DSK,Duskmourn: House of Horror,51,normal,rare,1,98647,8616629e-08f9-41ad-bfec-f86c8096f1cb,5.82,false,false,false,near_mint,en,false,USD,2026-09-27T18:05:46.396Z
Deadeye Duelist,OTJ,Outlaws of Thunder Junction,119,normal,common,1,93403,e9a50b7a-8741-4520-8d45-8e6b128c2628,0.25,false,false,false,near_mint,en,false,USD,2026-09-27T18:05:46.397Z
At Knifepoint,OTJ,Outlaws of Thunder Junction,193,normal,uncommon,1,93248,897d594d-b5b0-43dc-b877-b483942416ce,0.24,false,false,false,near_mint,en,false,USD,2026-09-27T18:05:46.398Z
Temple of Epiphany,SOC,Secrets of Strixhaven Commander,412,normal,rare,1,112127,cc63cd97-de9e-4d31-babb-aaad1277169e,0.25,false,false,false,near_mint,en,false,USD,2026-09-27T18:05:46.399Z
Wayfarer's Bauble,TDC,Tarkir: Dragonstorm Commander,335,normal,common,1,104879,ac1960a1-9141-468c-b96c-6c8e6905084d,0.36,false,false,false,near_mint,en,false,USD,2026-09-27T18:05:46.400Z
"Ardyn, the Usurper",FIN,Final Fantasy,379,normal,rare,1,105589,35090ce1-6fb4-438c-88e9-dd116d550a92,1.85,false,false,false,near_mint,en,false,USD,2026-09-27T18:05:46.401Z
Sol Ring,M3C,Modern Horizons 3 Commander,305,normal,uncommon,1,94714,19911e6e-7c35-4281-b31c-266382f052cc,1.81,false,false,false,near_mint,en,false,USD,2026-09-27T18:05:46.402Z
Sulfur Falls,LTC,Tales of Middle-earth Commander,333,normal,rare,1,83329,9ac747b1-db9a-463f-b222-cb46bb0a43f8,0.43,false,false,false,near_mint,en,false,USD,2026-09-27T18:05:46.403Z
Foreboding Ruins,LTC,Tales of Middle-earth Commander,310,normal,rare,1,82886,172a7547-eee6-4279-8438-afdd2f9e72f4,0.36,false,false,false,near_mint,en,false,USD,2026-09-27T18:05:46.404Z
Izzet Boilerworks,M3C,Modern Horizons 3 Commander,350,normal,uncommon,1,94795,af8535f9-463e-4963-94db-db0e22605275,0.35,false,false,false,near_mint,en,false,USD,2026-09-27T18:05:46.405Z
Canyon Slough,ECC,Lorwyn Eclipsed Commander,145,normal,rare,1,110629,d2ba7cfa-36f2-410f-80c3-5a06f4b48372,0.19,false,false,false,near_mint,en,false,USD,2026-09-27T18:05:46.406Z
Frostboil Snarl,SOC,Secrets of Strixhaven Commander,374,normal,rare,1,111905,3dbddf20-1b92-482e-bbd9-1597531913a8,0.31,false,false,false,near_mint,en,false,USD,2026-09-27T18:05:46.407Z
Rakdos Guildgate,C19,Commander 2019,267,normal,common,1,45667,5e378faf-b1f2-46df-945a-37681d392104,0.28,false,false,false,near_mint,en,false,USD,2026-09-27T18:05:46.408Z
Phyrexian Arena,MKC,Murders at Karlov Manor Commander,133,normal,rare,1,90292,26bfb2b4-8dc2-4632-a393-d3477f6c3c40,5.26,false,false,false,near_mint,en,false,USD,2026-09-27T18:05:46.409Z
Exhibition Tidecaller,SOS,Secrets of Strixhaven,48,normal,rare,1,111730,a58c364e-d0c5-41b9-8c8b-2e5a99468cc7,0.4,false,false,false,near_mint,en,false,USD,2026-09-27T18:05:46.410Z
"Lazav, Familiar Stranger",OTJ,Outlaws of Thunder Junction,216,normal,uncommon,1,93022,00293326-3eb2-492c-b565-7abafa037d8c,0.22,false,false,false,near_mint,en,false,USD,2026-09-27T18:05:46.411Z
Dismal Backwater,FDN,Foundations,261,normal,common,1,101220,dbb0df36-8467-4a41-8e1c-6c3584d4fd10,0.29,false,false,false,near_mint,en,false,USD,2026-09-27T18:05:46.412Z
Coiling Rebirth,BLB,Bloomburrow,86,normal,rare,1,96083,96d5de3e-0440-4dd1-899c-ab40c0752343,0.28,false,false,false,near_mint,en,false,USD,2026-09-27T18:05:46.413Z
"Emet-Selch, Unsundered // Hades, Sorcerer of Eld",FIN,Final Fantasy,218,normal,mythic,1,103792,75cf4eb8-33e7-4dfc-b890-a7e3b5c1b9d5,2.0,false,false,false,near_mint,en,false,USD,2026-09-27T18:05:46.414Z
Locke Cole,FIN,Final Fantasy,234,normal,uncommon,1,106552,572feb8c-6976-40a8-8a34-b4db836cca56,0.21,false,false,false,near_mint,en,false,USD,2026-09-27T18:05:46.415Z
Crabomination,MH3,Modern Horizons 3,85,normal,rare,1,94677,f328d6e0-d808-4abe-b6a2-cc557b27c329,0.36,false,false,false,near_mint,en,false,USD,2026-09-27T18:05:46.416Z
Cliffgate,CLB,Commander Legends: Battle for Baldur's Gate,350,normal,common,1,69029,557470dc-c594-4b26-81b9-356bedb0c215,0.4,false,false,false,near_mint,en,false,USD,2026-09-27T18:05:46.417Z
Laughing Jasper Flint,OTJ,Outlaws of Thunder Junction,215,normal,rare,1,93305,af0b3a41-ba99-41e8-bcfb-5796500c17c7,0.38,false,false,false,near_mint,en,false,USD,2026-09-27T18:05:46.418Z
Jagged Barrens,OTJ,Outlaws of Thunder Junction,259,normal,common,1,93178,5d809f5b-d965-4cb1-a9f8-2048f8534373,0.46,false,false,false,near_mint,en,false,USD,2026-09-27T18:05:46.419Z
Command Tower,M3C,Modern Horizons 3 Commander,331,normal,common,1,94722,27e36832-09ca-4070-8511-94580014c3ed,0.33,false,false,false,near_mint,en,false,USD,2026-09-27T18:05:46.420Z
Abhorrent Oculus,DSK,Duskmourn: House of Horror,42,normal,mythic,1,99009,d2705b43-a94a-44c0-8740-82e0b296820c,11.97,false,false,false,near_mint,en,false,USD,2026-09-27T18:05:46.421Z
Hullbreaker Horror,INR,Innistrad Remastered,68,normal,rare,1,102430,137acb70-a1fd-4ea9-a5d9-f4b438eb5e82,6.12,false,false,false,near_mint,en,false,USD,2026-09-27T18:05:46.423Z
Swallowed by Leviathan,FIN,Final Fantasy,79,normal,uncommon,1,106521,2270642d-fe2a-4265-aff0-a24a43ebe0a1,0.26,false,false,false,near_mint,en,false,USD,2026-09-27T18:05:46.424Z
"Gonti, Lord of Luxury",OTC,Outlaws of Thunder Junction Commander,135,normal,rare,1,93948,fbbb3aef-af1f-4b77-b7d6-64cfd706a9d9,0.35,false,false,false,near_mint,en,false,USD,2026-09-27T18:05:46.425Z
Akoum Refuge,C19,Commander 2019,226,normal,uncommon,1,45708,51aecc57-f0cc-4e35-af38-ead25cf8a1b8,0.34,false,false,false,near_mint,en,false,USD,2026-09-27T18:05:46.426Z
Bitter Triumph,SOA,Secrets of Strixhaven Mystical Archive,26,normal,uncommon,2,112527,db465858-0593-4850-8f1d-400fe230a18d,0.39,false,false,false,near_mint,en,false,USD,2026-09-27T18:05:46.429Z
"Vial Smasher, Gleeful Grenadier",OTJ,Outlaws of Thunder Junction,235,normal,uncommon,1,93129,3afce4e6-ac59-4fba-b63a-8fed96bbdc4a,0.18,false,false,false,near_mint,en,false,USD,2026-09-27T18:05:46.430Z
Servant of the Stinger,OTJ,Outlaws of Thunder Junction,105,normal,uncommon,1,93313,b5c98650-b195-4071-8e02-4df35fddddc7,0.18,false,false,false,near_mint,en,false,USD,2026-09-27T18:05:46.431Z
"Magda, the Hoardmaster",OTJ,Outlaws of Thunder Junction,133,normal,rare,1,93141,4443d112-209b-49ec-bc40-3a11dcdb092e,2.46,false,false,false,near_mint,en,false,USD,2026-09-27T18:05:46.432Z
Nowhere to Run,DSK,Duskmourn: House of Horror,111,normal,uncommon,1,95623,fee60e9d-9ee7-444a-88f3-c1929e1888fb,0.61,false,false,false,near_mint,en,false,USD,2026-09-27T18:05:46.433Z
Faithless Looting,SOC,Secrets of Strixhaven Commander,244,normal,common,1,112201,fc019ffa-4461-4f3d-ab8d-e4d20e77ca0c,0.39,false,false,false,near_mint,en,false,USD,2026-09-27T18:05:46.434Z
Reanimate,OTP,Breaking News,18,normal,rare,1,93184,609c34f9-9f53-4773-a02b-517209024fc2,9.85,false,false,false,near_mint,en,false,USD,2026-09-27T18:05:46.435Z
"Koh, the Face Stealer",TLA,Avatar: The Last Airbender,107,normal,mythic,1,109663,28f6fa32-5058-4c29-9ba8-9d8f2057eb6d,0.35,false,false,false,near_mint,en,false,USD,2026-09-27T18:05:46.436Z
Fabled Passage,BLB,Bloomburrow,252,normal,rare,1,96075,8809830f-d8e1-4603-9652-0ad8b00234e9,1.91,false,false,false,near_mint,en,false,USD,2026-09-27T18:05:46.437Z
Bandit's Haul,OTJ,Outlaws of Thunder Junction,240,normal,uncommon,1,93197,68b2e74b-933b-4285-963b-dda3a986a914,0.29,false,false,false,near_mint,en,false,USD,2026-09-27T18:05:46.438Z
Shivan Reef,SOC,Secrets of Strixhaven Commander,404,normal,rare,1,112160,e13d0982-2542-4770-8e93-637478a0f84a,0.28,false,false,false,near_mint,en,false,USD,2026-09-27T18:05:46.439Z
Improvisation Capstone,SOS,Secrets of Strixhaven,120,normal,mythic,1,111747,d01fe6e9-49ee-4708-833e-75cd5a9f167c,9.79,false,false,false,near_mint,en,false,USD,2026-09-27T18:05:46.440Z
Unholy Annex // Ritual Chamber,DSK,Duskmourn: House of Horror,118,normal,rare,1,98774,0fb4c734-c698-46f2-bc78-5f036f472e5b,2.97,false,false,false,near_mint,en,false,USD,2026-09-27T18:05:46.441Z
Azure Beastbinder,BLB,Bloomburrow,41,normal,rare,1,96007,211af1bf-910b-41a5-b928-f378188d1871,0.5,false,false,false,near_mint,en,false,USD,2026-09-27T18:05:46.442Z
"Treno, Dark City",FIN,Final Fantasy,290,normal,common,1,106686,f6285535-bc44-4274-a886-b14d7c7aaba8,0.24,false,false,false,near_mint,en,false,USD,2026-09-27T18:05:46.443Z
Breach the Multiverse,MOM,March of the Machine,94,normal,rare,1,80474,daf51a76-7a57-4462-ae18-a19e817e49e5,9.57,false,false,false,near_mint,en,false,USD,2026-09-27T18:05:46.444Z
Funeral Room // Awakening Hall,DSK,Duskmourn: House of Horror,338,normal,mythic,1,98928,da30e940-acba-4f10-bd0e-3a0b165233f9,8.52,false,false,false,near_mint,en,false,USD,2026-09-27T18:05:46.445Z
Visionary's Dance,SOS,Secrets of Strixhaven,242,normal,common,1,112638,846a0e79-a530-429e-8f7f-4b87f1b0156e,0.1,false,false,false,near_mint,en,false,USD,2026-09-27T18:08:14.453Z
Cuboid Colony,SOS,Secrets of Strixhaven,183,normal,uncommon,1,111705,6384d135-7780-4d75-9e95-71bce506948e,0.23,false,false,false,near_mint,en,false,USD,2026-09-27T18:08:14.454Z
Go for the Throat,ACR,Assassin's Creed,91,normal,uncommon,1,95362,4f95ad5d-d0c7-4a65-9e46-1d33abbf77aa,0.45,false,false,false,near_mint,en,false,USD,2026-09-29T13:28:58.622Z
Bident of Thassa,BLC,Bloomburrow Commander,162,normal,rare,1,96314,60a9018a-24a9-4c25-89ca-4ac52a60fbf1,0.48,false,false,false,near_mint,en,false,USD,2026-09-29T13:28:58.623Z
Solemn Simulacrum,TDC,Tarkir: Dragonstorm Commander,325,normal,rare,1,104953,cb1563a1-c8dc-4fcb-b9c8-e7432235d31e,0.34,false,false,false,near_mint,en,false,USD,2026-09-29T13:28:58.624Z
Commander's Sphere,ECC,Lorwyn Eclipsed Commander,139,normal,common,1,110579,a0d50603-e31f-4cd7-b4b6-49847d99eb2e,0.37,false,false,false,near_mint,en,false,USD,2026-09-29T13:28:58.625Z
Swiftfoot Boots,TDC,Tarkir: Dragonstorm Commander,328,normal,uncommon,1,104473,1969b151-3192-4d35-80ca-c4e180601ec8,3.05,false,false,false,near_mint,en,false,USD,2026-09-29T13:28:58.626Z
Worn Powerstone,MH3,Modern Horizons 3,298,normal,uncommon,1,94578,ace686ad-9e3f-41b3-b8eb-d1b6d45eb4e1,0.35,false,false,false,near_mint,en,false,USD,2026-09-29T13:28:58.627Z
Murder,OTP,Breaking News,16,normal,uncommon,1,93203,6c776ca4-4950-4a27-8ce2-fbe534579d62,0.13,false,false,false,near_mint,en,false,USD,2026-09-29T13:28:58.628Z
Festering Evil,J22,Jumpstart 2022,119,normal,uncommon,1,76669,bc58d8cd-f1f8-4a3e-9052-12e319802cb5,0.23,false,false,false,near_mint,en,false,USD,2026-09-29T13:28:58.629Z
Heartless Act,CMM,Commander Masters,166,normal,uncommon,1,84682,a11dea2a-fe20-4e1b-9e1e-8759e0950f0a,0.2,false,false,false,near_mint,en,false,USD,2026-09-29T13:28:58.630Z
Decree of Pain,DSC,Duskmourn: House of Horror Commander,136,normal,rare,1,99325,bd594aeb-f5cc-4435-8ea8-c35c5824b58c,0.35,false,false,false,near_mint,en,false,USD,2026-09-29T13:28:58.631Z
Live or Die,DSK,Duskmourn: House of Horror,107,normal,uncommon,1,99006,cd81e438-e38f-42a1-b677-202dbcb3837c,0.21,false,false,false,near_mint,en,false,USD,2026-09-29T13:28:58.632Z