Name,Set code,Set name,Collector number,Foil,Rarity,Quantity,ManaBox ID,Scryfall ID,Purchase price,Misprint,Altered,Condition,Language,Purchase price currency,Added
"Kotis, the Fangkeeper",TDM,Tarkir: Dragonstorm,202,normal,rare,1,104364,d3736f17-f80b-4b2c-b919-2c963bc14682,0.37,false,false,near_mint,en,USD,2026-08-23T11:03:05.858Z
Lavaspur Boots,OTJ,Outlaws of Thunder Junction,243,normal,uncommon,1,93392,e50709de-e6ef-4dbc-af1e-290fed279f34,1.78,false,false,near_mint,en,USD,2026-08-23T11:03:05.859Z
Rise of the Witch-king,LTR,The Lord of the Rings: Tales of Middle-earth,221,normal,uncommon,1,83020,3f440fa1-5387-41d6-a80f-5b19dbb21514,0.8,false,false,near_mint,en,USD,2026-08-23T11:03:05.860Z
Tifa's Limit Break,FIN,Final Fantasy,207,normal,uncommon,1,106524,24d6eab7-22bd-494f-8cbe-204446f24be9,0.35,false,false,near_mint,en,USD,2026-08-23T11:03:05.861Z
Glissa Sunslayer,ECC,Lorwyn Eclipsed Commander,122,normal,rare,1,110519,682b1b62-338a-49d1-9d4e-2d8ee2e6fc76,0.53,false,false,near_mint,en,USD,2026-08-23T11:03:05.862Z
"Tasha, the Witch Queen",CLB,Commander Legends: Battle for Baldur's Gate,294,normal,mythic,1,69229,b1c5f679-82d0-4434-9f13-d39ad57282b8,6.13,false,false,near_mint,en,USD,2026-08-23T11:03:05.863Z
Sword of War and Peace,2XM,Double Masters,300,normal,mythic,1,51877,46e6f50b-4b18-4aab-a7b0-869f25bc4c40,10.34,false,false,near_mint,en,USD,2026-08-23T11:03:05.864Z
Island,ONE,Phyrexia: All Will Be One,268,normal,common,1,78242,ac97baa8-5e57-45b6-9c64-cb9ce4806294,0.95,false,false,near_mint,en,USD,2026-08-23T11:03:05.865Z
The Key to the Vault,OTJ,Outlaws of Thunder Junction,54,normal,rare,1,93058,166814af-a444-4a62-937e-7491673d9387,0.53,false,false,near_mint,en,USD,2026-08-23T11:03:05.866Z
Thriving Moor,ECC,Lorwyn Eclipsed Commander,174,normal,common,1,110518,672eed05-1392-40ff-aa6f-2aac74d28ae9,0.25,false,false,near_mint,en,USD,2026-08-23T11:03:05.867Z
Woodland Cemetery,SOC,Secrets of Strixhaven Commander,424,normal,rare,1,111927,4d6f6c96-f813-4864-b4e1-b2a0aa8be1e8,0.96,false,false,near_mint,en,USD,2026-08-23T11:03:05.868Z
Swamp,ONE,Phyrexia: All Will Be One,269,normal,common,1,78217,187e9fa1-6a50-4697-8645-fea4524e8dde,2.08,false,false,near_mint,en,USD,2026-08-23T11:03:05.869Z
Underground River,DRC,Aetherdrift Commander,181,normal,rare,1,103219,ac17bee2-5b9f-4b8f-8647-e44d9175e055,1.95,false,false,near_mint,en,USD,2026-08-23T11:03:05.870Z
Whirler Rogue,DRC,Aetherdrift Commander,85,normal,uncommon,1,103000,3f2ddb63-e4d0-418e-9ec7-70add0ed06a8,0.28,false,false,near_mint,en,USD,2026-08-23T11:03:05.871Z
Thriving Isle,ECC,Lorwyn Eclipsed Commander,173,normal,common,1,110520,68614de9-2b44-4043-94e9-cbd2249d5f75,0.31,false,false,near_mint,en,USD,2026-08-23T11:03:05.872Z
Snakeskin Veil,FDN,Foundations,233,normal,uncommon,1,100645,6cc4c21d-9bdc-4490-9203-17f51db0ddd1,0.27,false,false,near_mint,en,USD,2026-08-23T11:03:05.873Z
Brush Off,SOS,Secrets of Strixhaven,39,normal,uncommon,1,112323,151eab82-d20f-433b-b3bb-1d44e2871d5c,0.22,false,false,near_mint,en,USD,2026-08-23T11:03:05.874Z
Farseek,LCC,The Lost Caverns of Ixalan Commander,242,normal,common,1,88270,0cfd3cb1-2209-453d-be45-ce1b56265496,1.6,false,false,near_mint,en,USD,2026-08-23T11:03:05.875Z
Blue Sun's Twilight,ONE,Phyrexia: All Will Be One,43,normal,rare,1,78221,3a836e6b-6854-4f6f-bc78-2da1fd4dd224,0.5,false,false,near_mint,en,USD,2026-08-23T11:03:05.876Z
Badlands Revival,OTJ,Outlaws of Thunder Junction,194,normal,uncommon,1,93251,8d3ef971-cdd4-410c-97c3-df98e4f02ab2,0.23,false,false,near_mint,en,USD,2026-08-23T11:03:05.877Z
Opulent Palace,PIP,Fallout,278,normal,uncommon,1,92216,5ba66391-8ff8-423a-893f-72cc022f4714,0.63,false,false,near_mint,en,USD,2026-08-23T11:03:05.878Z
Relm's Sketching,FIN,Final Fantasy,67,normal,uncommon,1,106345,6aedac12-3714-4a81-bd4d-1d2555c66f78,0.26,false,false,near_mint,en,USD,2026-08-23T11:03:05.879Z
Stolen Identity,NCC,New Capenna Commander,233,normal,rare,1,68158,2831fe77-ea98-4334-a78e-01580fb002c0,0.37,false,false,near_mint,en,USD,2026-08-23T11:03:05.880Z
Entish Restoration,LTR,The Lord of the Rings: Tales of Middle-earth,163,normal,uncommon,1,83513,cd4dbf80-187b-40e3-9e0b-526f78d9a34e,3.55,false,false,near_mint,en,USD,2026-08-23T11:03:05.881Z
Swiftfoot Boots,TDC,Tarkir: Dragonstorm Commander,328,normal,uncommon,1,104473,1969b151-3192-4d35-80ca-c4e180601ec8,2.7,false,false,near_mint,en,USD,2026-08-23T11:03:05.882Z
Jungle Hollow,BLC,Bloomburrow Commander,313,normal,common,1,96288,5401ef4c-b1e8-4f37-abe8-25c405d4f6ea,0.23,false,false,near_mint,en,USD,2026-08-23T11:03:05.883Z
Vraska Joins Up,OTJ,Outlaws of Thunder Junction,236,normal,rare,1,93034,06e546c2-737e-4b17-bf60-3069b1ccdf31,0.98,false,false,near_mint,en,USD,2026-08-23T11:03:05.884Z
"Zimone, Paradox Sculptor",FDN,Foundations,351,normal,mythic,1,101084,c0490270-f94d-4f17-8a6c-527c9eab5d73,5.5,false,false,near_mint,en,USD,2026-08-23T11:03:05.885Z
Myriad Landscape,EOC,Edge of Eternities Commander,169,normal,uncommon,1,107112,a0e2098f-1d94-491a-a7e9-a45a9f69e3a8,0.37,false,false,near_mint,en,USD,2026-08-23T11:03:05.886Z
Magic Damper,FIN,Final Fantasy,61,normal,common,1,106540,44921b2e-5938-4f63-92b9-0b719a2f8c68,0.27,false,false,near_mint,en,USD,2026-08-23T11:03:05.887Z
"Vraska, Betrayal's Sting",ECC,Lorwyn Eclipsed Commander,88,normal,mythic,1,110577,9f1fa1c5-ff87-4bbc-89aa-dbebc91eada0,0.88,false,false,near_mint,en,USD,2026-08-23T11:03:05.888Z
Royal Treatment,SOA,Secrets of Strixhaven Mystical Archive,56,normal,uncommon,1,112412,009bad41-5e96-4bb3-9f5e-66500fb8af29,0.26,false,false,near_mint,en,USD,2026-08-23T11:03:05.889Z
Studious First-Year // Rampant Growth,SOS,Secrets of Strixhaven,162,normal,common,1,111693,24f888dd-785c-4089-a89c-03f9080130ed,0.25,false,false,near_mint,en,USD,2026-08-23T11:03:05.890Z
Loxodon Warhammer,ONC,Phyrexia: All Will Be One Commander,135,normal,rare,1,78626,728952a5-5f50-4ee6-a1ce-38d7e97023cb,3.4,false,false,near_mint,en,USD,2026-08-23T11:03:05.891Z
Swamp,MOM,March of the Machine,287,normal,common,1,80993,013612b4-fed9-4112-8018-9267ae608fd7,1.14,false,false,near_mint,en,USD,2026-08-23T11:03:05.892Z
Crabomination,MH3,Modern Horizons 3,85,normal,rare,1,94677,f328d6e0-d808-4abe-b6a2-cc557b27c329,0.34,false,false,near_mint,en,USD,2026-08-23T11:03:05.893Z
Hunter's Talent,BLB,Bloomburrow,179,normal,uncommon,1,95847,e9a31863-9649-4a4f-99e4-c93729938bd7,0.34,false,false,near_mint,en,USD,2026-08-23T11:03:05.894Z
Golgari Signet,DSC,Duskmourn: House of Horror Commander,246,normal,uncommon,1,99259,95103b4c-d0c0-40fa-9ddd-c7416455ca0c,0.3,false,false,near_mint,en,USD,2026-08-23T11:03:05.895Z
Pawpatch Recruit,BLB,Bloomburrow,187,normal,rare,1,96064,7d4d88ba-0ee4-4f66-995b-2e50614f50ee,0.55,false,false,near_mint,en,USD,2026-08-23T11:03:05.896Z
Raised by Giants,CLB,Commander Legends: Battle for Baldur's Gate,250,normal,rare,1,68860,11c93414-935e-462b-ad89-27ca21d01bf9,0.4,false,false,near_mint,en,USD,2026-08-23T11:03:05.897Z
"Gyruda, Doom of Depths",MUL,Multiverse Legends,42,normal,rare,1,81421,9cbe6748-8ef1-4697-8b7b-72c5ea5b34c5,0.76,false,false,near_mint,en,USD,2026-08-23T11:03:05.898Z
Garruk's Uprising,ECC,Lorwyn Eclipsed Commander,109,normal,uncommon,1,110598,b58c4033-f764-42f6-966f-b7202a2babbf,0.45,false,false,near_mint,en,USD,2026-08-23T11:03:05.899Z
The Mycosynth Gardens,EOC,Edge of Eternities Commander,168,normal,rare,1,107226,0a6f0408-6758-495f-9d6c-7686a1542fbd,0.34,false,false,near_mint,en,USD,2026-08-23T11:03:05.900Z
Pillage the Bog,OTJ,Outlaws of Thunder Junction,224,normal,rare,1,93436,fa3b415f-7901-4ab4-84fe-60b90d40ac90,0.29,false,false,near_mint,en,USD,2026-08-23T11:03:05.901Z
Rogue's Passage,SOC,Secrets of Strixhaven Commander,400,normal,uncommon,1,111888,335444f0-0848-4c17-b056-56d4fc876a58,0.38,false,false,near_mint,en,USD,2026-08-23T11:03:05.902Z
"Gonti, Lord of Luxury",OTC,Outlaws of Thunder Junction Commander,135,normal,rare,1,93948,fbbb3aef-af1f-4b77-b7d6-64cfd706a9d9,0.36,false,false,near_mint,en,USD,2026-08-23T11:03:05.903Z
Silent Hallcreeper,DSK,Duskmourn: House of Horror,72,normal,rare,1,98892,aac4f0cc-63be-4f08-956e-39839c9735ba,1.75,false,false,near_mint,en,USD,2026-08-23T11:03:05.904Z
Transguild Promenade,CMR,Commander Legends,499,normal,common,1,56144,a0baaa39-7fce-4feb-9118-b1d6bc24f548,0.33,false,false,near_mint,en,USD,2026-08-23T11:03:05.905Z
Lush Oasis,M3C,Modern Horizons 3 Commander,356,normal,common,1,95013,ba0932e2-30da-478d-b295-40db01556eb0,0.26,false,false,near_mint,en,USD,2026-08-23T11:03:05.906Z
Negate,ORI,Magic Origins,65,normal,common,1,10877,e848b632-e08a-4341-a99c-d8207f9ffe48,0.17,false,false,near_mint,en,USD,2026-08-23T11:03:05.907Z
Cancel,KTK,Khans of Tarkir,33,normal,common,1,13365,9f540dcb-8d0b-4d33-8c0d-893fa5db54eb,0.11,false,false,near_mint,en,USD,2026-08-23T11:03:05.908Z
Additive Evolution,SOS,Secrets of Strixhaven,139,normal,uncommon,1,112313,b44ec684-d558-45eb-bcd6-8119428634c2,0.21,false,false,near_mint,en,USD,2026-08-23T11:03:05.909Z
Llanowar Elves,FDN,Foundations,227,normal,common,1,95583,6a0b230b-d391-4998-a3f7-7b158a0ec2cd,0.33,false,false,near_mint,en,USD,2026-08-23T11:03:05.910Z
Quilled Greatwurm,FDN,Foundations,111,normal,mythic,1,100330,31b60531-3d33-4e66-923a-29008716b15c,2.74,false,false,near_mint,en,USD,2026-08-23T11:03:05.911Z
Hollowmurk Siege,TDM,Tarkir: Dragonstorm,192,normal,rare,1,104668,5ac0e136-8877-4bfc-a831-2bf7b7b5ad1e,0.83,false,false,near_mint,en,USD,2026-08-23T11:03:05.912Z
Sol Ring,M3C,Modern Horizons 3 Commander,305,normal,uncommon,1,94714,19911e6e-7c35-4281-b31c-266382f052cc,1.89,false,false,near_mint,en,USD,2026-08-23T11:03:05.913Z
Kodama's Reach,OTC,Outlaws of Thunder Junction Commander,196,normal,common,1,93920,eddf5231-7c46-417b-82c3-f6a8ede5ac9c,2.24,false,false,near_mint,en,USD,2026-08-23T11:03:05.914Z
Blitzball,FIN,Final Fantasy,254,normal,common,1,106723,92f4ad73-42bf-45c0-8bb6-0b44043c81ef,0.23,false,false,near_mint,en,USD,2026-08-23T11:03:05.915Z
Ringsight,LTR,The Lord of the Rings: Tales of Middle-earth,220,normal,uncommon,1,82992,3700a65c-6f54-4d56-9c6f-8364c45a058c,0.42,false,false,near_mint,en,USD,2026-08-23T11:03:05.916Z
Necroblossom Snarl,SOC,Secrets of Strixhaven Commander,389,normal,rare,1,111914,4355ba23-de6a-4f18-baf4-82ae47cc2965,0.4,false,false,near_mint,en,USD,2026-08-23T11:03:05.917Z
Fangkeeper's Familiar,TDM,Tarkir: Dragonstorm,183,normal,rare,1,104696,655fa2e1-3e1c-424c-b17a-daa7b8fface4,0.23,false,false,near_mint,en,USD,2026-08-23T11:03:05.918Z
Simic Signet,RVR,Ravnica Remastered,269,normal,uncommon,1,89744,71144128-762d-4f6a-aa50-9ad088192a82,0.39,false,false,near_mint,en,USD,2026-08-23T11:03:05.919Z
Shoreline Looter,BLB,Bloomburrow,70,normal,uncommon,1,95837,d5bf8cf0-419a-4dc9-9342-aad55c1af05a,0.29,false,false,near_mint,en,USD,2026-08-23T11:03:05.920Z
Soured Springs,OTJ,Outlaws of Thunder Junction,264,normal,common,1,93195,67daa31c-d9c4-4c22-b29c-1b8a17d577e5,0.27,false,false,near_mint,en,USD,2026-08-23T11:03:05.921Z
Trash the Town,OTJ,Outlaws of Thunder Junction,186,normal,uncommon,1,93410,eda59f99-1d6d-4051-ac89-b7cbfa19262e,0.28,false,false,near_mint,en,USD,2026-08-23T11:03:05.922Z
Gloomlake Verge,DSK,Duskmourn: House of Horror,260,normal,rare,1,98717,83f510b7-4cbd-4883-9c26-c8824bc668ac,10.22,false,false,near_mint,en,USD,2026-08-23T11:03:05.923Z
Feed the Swarm,SOA,Secrets of Strixhaven Mystical Archive,29,normal,uncommon,1,112488,a041cfe3-a02d-41e2-aea3-76bc2bacc10e,0.42,false,false,near_mint,en,USD,2026-08-23T11:03:05.924Z
Tyvar's Stand,SOC,Secrets of Strixhaven Commander,291,normal,uncommon,1,112086,b6ab0855-782a-498c-a885-b3ab3d1bb362,1.14,false,false,near_mint,en,USD,2026-08-23T11:03:05.925Z
Shore Up,BLB,Bloomburrow,69,normal,common,1,96277,4dc3b49e-3674-494c-bdea-4374cefd10f4,0.26,false,false,near_mint,en,USD,2026-08-23T11:03:05.926Z
"Vorinclex, Voice of Hunger",MUL,Multiverse Legends,29,normal,mythic,1,81209,bdcd2ec9-a8e7-46b3-8d79-eb15d6e95a3c,13.4,false,false,near_mint,en,USD,2026-08-23T11:03:05.927Z
The Mimeoplasm,OTC,Outlaws of Thunder Junction Commander,234,normal,rare,1,93762,998b86f3-e53f-4ebb-b111-6f14577fded1,0.28,false,false,near_mint,en,USD,2026-08-23T11:03:05.928Z
Emergent Ultimatum,SPG,Special Guests,105,normal,mythic,1,104306,66cc9980-be00-4351-b0d5-082a5a402a2a,3.01,false,false,near_mint,en,USD,2026-08-23T11:03:05.929Z
Feast on the Fallen,J22,Jumpstart 2022,68,normal,uncommon,1,76741,d1d0f98c-264e-4d82-893a-5f84fc890705,0.23,false,false,near_mint,en,USD,2026-08-23T11:03:05.930Z
Sunken Hollow,LTC,Tales of Middle-earth Commander,335,normal,rare,1,83320,9764a8bc-94ff-448f-aed6-2eca21fc0418,0.37,false,false,near_mint,en,USD,2026-08-23T11:03:05.931Z
Railway Brawler,OTJ,Outlaws of Thunder Junction,175,normal,mythic,1,93285,9ec1f76f-f21d-4f06-8c02-be6745183348,6.0,false,false,near_mint,en,USD,2026-08-23T11:03:05.932Z
Morphic Pool,CLB,Commander Legends: Battle for Baldur's Gate,357,normal,rare,1,67505,48e40927-dd87-42ed-b805-0ae8ba81f5fb,27.09,false,false,near_mint,en,USD,2026-08-23T11:03:05.933Z
Sword Coast Sailor,CLB,Commander Legends: Battle for Baldur's Gate,98,normal,uncommon,1,69093,704f8ab7-63fd-4963-bacd-0076fffb34a1,0.18,false,false,near_mint,en,USD,2026-08-23T11:03:05.934Z
Blooming Marsh,OTJ,Outlaws of Thunder Junction,266,normal,rare,1,93244,861caabb-0573-4e94-8b03-342f90465064,3.06,false,false,near_mint,en,USD,2026-08-23T11:03:05.935Z
Broken Wings,FDN,Foundations,214,normal,common,1,100584,61f9cbeb-cc9c-4562-be65-8a77053faefe,0.26,false,false,near_mint,en,USD,2026-08-23T11:03:05.936Z
Exotic Orchard,ECC,Lorwyn Eclipsed Commander,148,normal,rare,1,110638,dc0a1bc1-ba94-4494-a196-5363fde85194,0.31,false,false,near_mint,en,USD,2026-08-23T11:03:05.937Z
Thornwood Falls,DSC,Duskmourn: House of Horror Commander,314,normal,common,1,99294,acdd77d6-0c6e-4aa7-8d2e-f5203df5c7f3,0.14,false,false,near_mint,en,USD,2026-08-23T11:03:05.938Z
Voidslime,OTP,Breaking News,60,normal,rare,1,93420,f21cca5c-dc1e-4e7c-9dab-218165f42b90,0.28,false,false,near_mint,en,USD,2026-08-23T11:03:05.939Z
Naga Fleshcrafter,TDM,Tarkir: Dragonstorm,52,normal,rare,1,104675,5df17423-9fdd-4432-8660-1d267c685595,0.32,false,false,near_mint,en,USD,2026-08-23T11:03:05.940Z
Stock Up,SOA,Secrets of Strixhaven Mystical Archive,24,normal,uncommon,1,110977,ad048b7c-588f-4c34-906f-4224f1aaaeb6,1.41,false,false,near_mint,en,USD,2026-08-23T11:03:05.941Z
Chart a Course,BLC,Bloomburrow Commander,110,normal,uncommon,1,96427,b005b866-b83c-4413-9db7-465f614a4029,0.26,false,false,near_mint,en,USD,2026-08-23T11:03:05.942Z
Hero's Downfall,FDN,Foundations,175,normal,uncommon,1,97185,ad2c01d9-8f54-46c0-9dc9-d4d4764ce1c9,0.3,false,false,near_mint,en,USD,2026-08-23T11:03:05.943Z
Command Tower,PLST,The List,MIC-170,normal,common,1,90200,55c9f778-6c0b-4cbe-a4c8-d7943aaa2895,0.39,false,false,near_mint,en,USD,2026-08-23T11:03:05.944Z
Dragonfire Blade,TDM,Tarkir: Dragonstorm,240,normal,rare,1,104427,031afea3-fbfb-4663-a8cc-9b7eb7b16020,1.8,false,false,near_mint,en,USD,2026-08-23T11:03:05.945Z
Shared Roots,SOA,Secrets of Strixhaven Mystical Archive,58,normal,uncommon,1,112432,3aeb1fe1-3ff3-466c-9eda-b8747702734c,0.38,false,false,near_mint,en,USD,2026-08-23T11:03:05.946Z
Temple of the False God,DSC,Duskmourn: House of Horror Commander,313,normal,uncommon,1,99079,23d62c88-3a7a-4eef-8ec4-ff1243e6ce93,0.33,false,false,near_mint,en,USD,2026-08-23T11:03:05.947Z
"Tyvar, the Pummeler",DSK,Duskmourn: House of Horror,202,normal,mythic,1,98710,5f7687b1-630a-4e95-89c7-eaf456d8cb68,13.91,false,false,near_mint,en,USD,2026-08-23T11:03:05.948Z
Genji Glove,FIN,Final Fantasy,258,normal,rare,1,106687,f724dde1-84b0-4e3b-a9b8-44cd22bb9f79,10.34,false,false,near_mint,en,USD,2026-08-23T11:03:05.949Z
Lakeside Shack,DSK,Duskmourn: House of Horror,262,normal,common,1,98660,a9367acd-393a-4966-ba60-af2ecd4e7596,0.17,false,false,near_mint,en,USD,2026-08-23T11:03:05.950Z
Strangled Cemetery,DSK,Duskmourn: House of Horror,268,normal,common,1,98666,c1ce9250-bdbe-4c77-9243-6db9ffffe69b,0.21,false,false,near_mint,en,USD,2026-08-23T11:03:05.951Z
Arcane Signet,PIP,Fallout,224,normal,uncommon,1,92430,8bafeaa8-5e77-4303-b30a-23fd137b7c35,0.99,false,false,near_mint,en,USD,2026-08-23T11:03:05.952Z